run_date,symbol,signal,score,price,entry,sl,t1,t2,t3
2026-10-01,20MICRONS,Neutral,33,207.26,213.79,192.41,233.53,253.27,273.01
2026-10-01,21STCENMGM,Neutral,38,38.0,41.18,37.06,45.0,48.82,52.64
2026-10-01,360ONE,Neutral,34,1040.0,1121.15,1009.04,1222.9,1324.65,1426.4
2026-10-01,3BBLACKBIO,Neutral,40,1646.8,1457.82,1312.03,1635.0,1902.75,2170.5
2026-10-01,3IINFOLTD,Low volume (ignore),20,22.45,23.98,21.59,26.27,28.55,30.84
2026-10-01,3MINDIA,Neutral,34,30795.0,30795.0,29633.5,35095.0,36892.5,38690.0
2026-10-01,3PLAND,Neutral,30,31.12,31.7,28.53,34.88,38.07,41.25
2026-10-01,5PAISA,Neutral,30,316.35,316.35,290.03,413.25,469.38,525.5
2026-10-01,63MOONS,Low volume (ignore),28,802.25,802.25,763.39,945.0,1047.95,1150.9
2026-10-01,A2ZINFRA,Distribution,20,14.38,15.71,14.13,17.12,18.54,19.95
2026-10-01,AAATECH,Accumulation,65,92.74,92.74,83.47,105.9,116.95,128.0
2026-10-01,AADHARHFC,Neutral,41,448.4,457.65,414.48,488.0,518.35,548.7
2026-10-01,AAKASH,Neutral,47,8.34,9.08,8.17,9.98,10.88,11.78
2026-10-01,AAREYDRUGS,Strong Accumulation,90,103.85,99.91,89.92,103.99,118.69,133.38
2026-10-01,AARNAV,Low volume (ignore),10,35.5,32.78,29.5,37.6,42.24,46.88
2026-10-01,AARON,Distribution,25,123.11,123.11,111.55,144.0,158.5,173.0
2026-10-01,AARTECH,Low volume (ignore),20,47.92,49.99,45.1,53.48,56.97,60.46
2026-10-01,AARTIDRUGS,Neutral,33,421.0,430.0,397.51,450.2,470.4,490.6
2026-10-01,AARTIIND,Neutral,30,465.1,505.65,455.08,551.75,597.85,643.95
2026-10-01,AARTIPHARM,Accumulation,60,968.5,877.09,789.38,985.05,1095.07,1205.1
2026-10-01,AARTISURF,Low volume (ignore),10,498.5,498.5,460.94,608.95,675.83,742.7
2026-10-01,AARVI,Neutral,35,137.12,146.66,131.99,159.8,172.94,186.08
2026-10-01,AASTHA,Distribution,15,32.45,32.45,31.48,96.0,125.69,155.39
2026-10-01,AAVAS,Distribution,21,1190.9,1190.9,1132.18,1380.0,1453.2,1526.4
2026-10-01,ABAN,Low volume (ignore),10,15.36,14.46,13.17,17.05,18.79,20.52
2026-10-01,ABANSENT,Accumulation,71,27.6,27.82,25.04,29.99,32.16,34.33
2026-10-01,ABB,Neutral,48,6900.0,7179.75,6461.78,7699.0,8218.25,8737.5
2026-10-01,ABBOTINDIA,Neutral,34,26840.0,26492.5,24380.95,27850.0,29207.5,30565.0
2026-10-01,ABCAPITAL,Low volume (ignore),20,375.05,375.05,359.09,416.45,436.65,456.85
2026-10-01,ABCOTS,Distribution,10,189.91,189.91,176.28,223.45,239.97,256.5
2026-10-01,ABDL,Strong Accumulation,71,679.45,653.39,588.06,753.8,838.55,923.3
2026-10-01,ABFRL,Distribution,0,44.53,44.53,42.72,55.28,59.92,64.56
2026-10-01,ABINFRA,Low volume (ignore),10,12.56,11.84,10.65,14.44,16.36,18.27
2026-10-01,ABLBL,Distribution,24,74.44,74.44,71.21,87.86,94.26,100.66
2026-10-01,ABMINTLLTD,Low volume (ignore),10,45.2,45.2,43.84,63.15,72.12,81.1
2026-10-01,ABMKNO,Neutral,33,168.07,181.06,162.96,197.0,212.94,228.87
2026-10-01,ABREL,Neutral,34,1100.5,1100.5,1040.23,1486.0,1651.2,1816.4
2026-10-01,ABSL10BANK,Distribution,20,162.3,164.78,149.98,174.95,185.11,195.28
2026-10-01,ABSLAMC,Low volume (ignore),20,991.7,1033.6,930.24,1116.9,1200.2,1283.5
2026-10-01,ABSLMSCIN,Distribution,0,27.68,27.68,26.56,30.8,32.23,33.67
2026-10-01,ABSLNN50ET,Distribution,20,73.05,75.91,70.65,78.98,82.06,85.13
2026-10-01,ABSLPSE,Low volume (ignore),20,9.73,10.04,9.4,10.39,10.74,11.09
2026-10-01,ACC,Distribution,27,1182.8,1182.8,1131.12,1338.1,1413.1,1488.1
2026-10-01,ACCELYA,Accumulation,60,1094.2,1117.5,1052.45,1150.0,1182.5,1215.0
2026-10-01,ACCURACY,Low volume (ignore),20,4.13,4.4,3.96,4.75,5.1,5.44
2026-10-01,ACE,Accumulation,51,1212.3,1170.9,1053.81,1268.0,1365.1,1462.2
2026-10-01,ACEINTEG,Low volume (ignore),27,17.14,17.95,16.16,19.8,21.65,23.5
2026-10-01,ACI,Neutral,45,475.05,484.45,436.0,522.9,561.35,599.8
2026-10-01,ACL,Distribution,26,39.33,42.67,38.4,46.94,51.21,55.48
2026-10-01,ACMESOLAR,Neutral,44,432.55,426.89,384.2,476.9,527.2,577.5
2026-10-01,ACSTECH,Low volume (ignore),10,77.85,67.18,60.46,84.38,102.36,120.34
2026-10-01,ACUTAAS,Neutral,43,3196.5,3314.95,3026.4,3509.9,3704.85,3899.8
2026-10-01,ADANIENSOL,Neutral,43,1326.4,1326.4,1236.94,1637.0,1817.9,1998.8
2026-10-01,ADANIENT,Accumulation,50,2816.8,2983.7,2709.89,3173.7,3363.7,3553.7
2026-10-01,ADANIGREEN,Neutral,40,1276.1,1280.85,1178.45,1346.8,1412.75,1478.7
2026-10-01,ADANIPORTS,Accumulation,51,1737.8,1708.55,1545.31,1824.0,1939.45,2054.9
2026-10-01,ADANIPOWER,Neutral,47,196.21,204.93,186.68,217.4,229.88,242.35
2026-10-01,ADFFOODS,Accumulation,69,281.4,267.25,241.34,285.7,304.15,322.6
2026-10-01,ADL,Neutral,30,72.52,71.95,64.76,83.0,91.5,100.0
2026-10-01,ADOR,Low volume (ignore),20,1570.4,1626.75,1464.08,1766.4,1906.05,2045.7
2026-10-01,ADROITINFO,Accumulation,65,13.94,11.91,10.72,14.97,17.66,20.34
2026-10-01,ADSL,Accumulation,66,106.38,102.01,91.81,126.2,142.29,158.38
2026-10-01,ADVAIT,Distribution,24,1863.0,2041.45,1837.31,2244.9,2448.35,2651.8
2026-10-01,ADVANCE,Neutral,40,116.75,116.08,104.47,125.66,135.24,144.82
2026-10-01,ADVANIHOTR,Neutral,45,46.98,49.95,45.35,53.14,56.34,59.53
2026-10-01,ADVENTHTL,Neutral,34,123.77,133.0,119.7,145.0,157.0,169.0
2026-10-01,ADVENZYMES,Low volume (ignore),10,274.25,274.25,261.9,311.0,326.62,342.25
2026-10-01,AEGISLOG,Neutral,39,1401.1,1349.84,1214.86,1528.7,1703.05,1877.4
2026-10-01,AEGISVOPAK,Strong Accumulation,74,290.75,289.62,260.66,320.95,352.27,383.6
2026-10-01,AEPL,Neutral,30,15.34,15.34,13.83,18.5,20.66,22.83
2026-10-01,AEQUS,Accumulation,62,275.05,241.92,217.72,274.0,304.3,334.59
2026-10-01,AEROENTER,Low volume (ignore),24,121.93,121.93,109.74,159.6,185.4,211.2
2026-10-01,AEROFLEX,Low volume (ignore),16,521.35,521.35,469.22,584.15,647.8,711.45
2026-10-01,AERONEU,Accumulation,55,70.56,70.56,63.5,94.0,109.14,124.28
2026-10-01,AETHER,Neutral,47,1670.0,1675.35,1507.82,1798.0,1920.65,2043.3
2026-10-01,AFCONS,Neutral,30,242.39,242.39,218.59,304.55,344.15,383.75
2026-10-01,AFFLE,Neutral,44,1449.6,1449.6,1396.9,1748.2,1877.7,2007.2
2026-10-01,AFFORDABLE,Strong Accumulation,96,168.11,168.5,151.65,183.38,198.26,213.15
2026-10-01,AFIL,Distribution,25,7.86,7.86,7.27,10.39,11.84,13.29
2026-10-01,AFSL,Neutral,40,201.0,209.45,194.97,217.9,226.35,234.8
2026-10-01,AGARIND,Distribution,10,386.0,386.0,366.27,503.85,561.23,618.6
2026-10-01,AGARWALEYE,Accumulation,53,486.45,506.47,469.63,528.8,551.12,573.45
2026-10-01,AGI,Neutral,47,790.8,776.25,698.62,851.0,925.75,1000.5
2026-10-01,AGIIL,Neutral,41,260.0,283.0,254.7,310.2,337.4,364.6
2026-10-01,AGL,Distribution,4,12.59,12.59,11.88,16.38,18.25,20.12
2026-10-01,AGRITECH,Neutral,45,89.96,89.96,86.33,108.04,115.81,123.58
2026-10-01,AGROPHOS,Neutral,30,23.0,23.0,20.7,27.7,31.05,34.4
2026-10-01,AHCL,Accumulation,65,32.86,24.21,21.79,36.39,47.48,58.56
2026-10-01,AHLADA,Low volume (ignore),20,37.06,37.06,33.35,42.0,46.65,51.3
2026-10-01,AHLEAST,Neutral,30,136.0,138.45,128.05,144.9,151.35,157.79
2026-10-01,AHLUCONT,Neutral,38,555.9,555.9,524.33,709.7,792.5,875.3
2026-10-01,AHLWEST,Low volume (ignore),20,535.05,524.95,472.46,562.9,600.85,638.8
2026-10-01,AIAENG,Neutral,44,3824.4,4156.9,3741.21,4535.8,4914.7,5293.6
2026-10-01,AIIL,Neutral,48,539.3,541.0,487.91,579.0,617.0,655.0
2026-10-01,AIRAN,Accumulation,54,15.6,15.6,14.23,18.05,19.98,21.92
2026-10-01,AIROLAM,Accumulation,61,89.58,90.27,81.24,97.0,103.73,110.47
2026-10-01,AJANTPHARM,Neutral,43,3581.0,3607.0,3322.25,3789.0,3971.0,4153.0
2026-10-01,AJAXENGG,Accumulation,54,586.4,586.95,537.38,619.9,652.85,685.8
2026-10-01,AJMERA,Low volume (ignore),27,119.6,116.16,106.05,122.99,129.82,136.65
2026-10-01,AJOONI,Neutral,31,3.1,3.1,2.93,4.04,4.55,5.06
2026-10-01,AKASH,Neutral,42,24.95,24.78,22.85,26.0,27.22,28.44
2026-10-01,AKCAPIT,Neutral,48,1714.1,1712.1,1594.87,1780.0,1847.9,1915.8
2026-10-01,AKG,Low volume (ignore),20,9.71,9.71,8.92,10.92,12.18,13.43
2026-10-01,AKI,Accumulation,50,6.16,6.16,5.54,8.34,10.54,12.73
2026-10-01,AKSHAR,Neutral,33,0.41,0.42,0.38,0.44,0.46,0.49
2026-10-01,AKSHARCHEM,Low volume (ignore),10,379.1,379.1,358.03,472.0,561.98,651.95
2026-10-01,AKSHOPTFBR,Low volume (ignore),10,7.07,7.07,6.58,9.01,10.16,11.31
2026-10-01,AKUMS,Neutral,42,813.1,785.97,711.16,838.8,891.62,944.45
2026-10-01,ALANKIT,Neutral,37,7.65,7.96,7.16,8.55,9.15,9.74
2026-10-01,ALBERTDAVD,Neutral,40,856.7,881.42,806.07,931.85,982.28,1032.7
2026-10-01,ALEMBICLTD,Accumulation,66,104.11,104.11,94.48,117.72,132.58,147.44
2026-10-01,ALGOQUANT,Accumulation,64,67.51,69.12,62.21,76.2,83.28,90.36
2026-10-01,ALICON,Strong Accumulation,76,871.95,767.72,706.3,806.11,864.23,922.36
2026-10-01,ALIVUS,Neutral,42,1374.2,1405.7,1278.07,1493.8,1581.9,1670.0
2026-10-01,ALKALI,Accumulation,56,87.1,85.29,76.76,106.3,127.94,149.59
2026-10-01,ALKEM,Accumulation,67,5220.0,5258.75,4899.47,5466.5,5674.25,5882.0
2026-10-01,ALKYLAMINE,Distribution,24,1741.4,1927.5,1734.75,2115.0,2302.5,2490.0
2026-10-01,ALLCARGO,Distribution,10,10.12,10.12,9.58,13.72,15.54,17.36
2026-10-01,ALLDIGI,Distribution,0,756.35,756.35,724.59,823.9,854.85,885.8
2026-10-01,ALLTIME,Distribution,24,188.04,188.04,176.54,225.76,242.58,259.41
2026-10-01,ALMONDZ,Accumulation,61,19.11,19.1,17.19,21.92,26.16,30.39
2026-10-01,ALOKINDS,Neutral,47,7.06,7.06,6.71,11.75,14.13,16.52
2026-10-01,ALPA,Neutral,33,59.26,60.53,54.48,65.3,70.07,74.84
2026-10-01,ALPHA,Accumulation,54,51.28,53.2,49.29,55.59,57.98,60.37
2026-10-01,ALPHAGEO,Low volume (ignore),10,258.2,258.2,236.68,359.5,411.15,462.8
2026-10-01,AMAGI,Accumulation,54,554.05,588.3,532.53,627.6,666.9,706.2
2026-10-01,AMANTA,Low volume (ignore),20,190.4,190.47,171.43,209.95,229.42,248.9
2026-10-01,AMBALALSA,Low volume (ignore),10,37.89,37.89,36.04,49.9,56.27,62.65
2026-10-01,AMBER,Distribution,4,6500.0,6500.0,6238.07,7794.0,8387.75,8981.5
2026-10-01,AMBICAAGAR,Neutral,34,23.89,23.89,22.96,28.35,30.47,32.59
2026-10-01,AMBIKCO,Distribution,4,1505.8,1505.8,1446.27,1699.0,1787.25,1875.5
2026-10-01,AMBUJACEM,Distribution,10,362.25,362.25,345.61,422.8,451.33,479.85
2026-10-01,AMDIND,Accumulation,50,52.09,52.09,49.58,74.39,85.72,97.05
2026-10-01,AMIRCHAND,Strong Accumulation,71,185.11,184.92,170.13,194.17,204.67,215.17
2026-10-01,AMJLAND,Neutral,34,37.02,38.5,34.92,41.0,43.5,46.0
2026-10-01,AMNPLST,Accumulation,61,165.43,178.0,160.2,196.0,214.0,232.0
2026-10-01,AMRUTANJAN,Neutral,45,513.2,512.25,462.2,548.0,583.75,619.5
2026-10-01,ANANDRATHI,Accumulation,54,2117.5,2137.7,1946.79,2268.4,2399.1,2529.8
2026-10-01,ANANTRAJ,Low volume (ignore),20,577.85,610.17,554.21,649.0,687.83,726.65
2026-10-01,ANDHRAPAP,Neutral,37,71.36,71.36,64.22,79.79,90.02,100.25
2026-10-01,ANDHRSUGAR,Distribution,4,91.06,91.06,87.3,104.84,111.66,118.47
2026-10-01,ANGELONE,Neutral,34,276.8,291.75,265.3,310.0,328.25,346.5
2026-10-01,ANIKINDS,Accumulation,53,44.0,44.48,40.03,48.99,53.51,58.02
2026-10-01,ANMOL,Accumulation,50,13.5,13.5,12.15,18.55,22.99,27.43
2026-10-01,ANTELOPUS,Accumulation,66,1106.5,1106.5,995.85,1290.9,1549.5,1808.1
2026-10-01,ANTGRAPHIC,Neutral,44,0.69,0.77,0.7,0.86,0.95,1.03
2026-10-01,ANTHEM,Neutral,41,855.75,913.27,823.53,977.55,1041.82,1106.1
2026-10-01,ANUHPHR,Accumulation,60,85.85,85.85,77.26,99.5,111.5,123.5
2026-10-01,ANUP,Distribution,4,1566.7,1566.7,1488.95,1846.4,1979.6,2112.8
2026-10-01,ANURAS,Neutral,40,1163.7,1194.85,1082.33,1273.9,1352.95,1432.0
2026-10-01,AONETMMQ50,Neutral,41,9.84,10.25,9.51,10.69,11.13,11.58
2026-10-01,AONETOTAL,Neutral,36,11.22,11.56,10.42,12.38,13.2,14.02
2026-10-01,APARINDS,Neutral,33,17648.0,17640.0,15876.0,19265.0,20890.0,22515.0
2026-10-01,APCL,Neutral,35,94.76,100.0,90.21,107.0,114.0,121.0
2026-10-01,APCOTEXIND,Neutral,36,593.25,612.92,551.63,665.0,717.08,769.15
2026-10-01,APEX,Distribution,4,326.3,326.3,310.69,406.9,443.1,479.3
2026-10-01,APLAPOLLO,Neutral,47,2115.7,2161.15,1980.06,2281.0,2400.85,2520.7
2026-10-01,APLLTD,Strong Accumulation,76,815.25,831.3,768.82,870.0,908.7,947.4
2026-10-01,APOLLO,Accumulation,63,394.0,394.67,355.21,427.95,461.23,494.5
2026-10-01,APOLLOHOSP,Neutral,34,8133.5,8133.5,7672.7,9070.5,9310.0,9549.5
2026-10-01,APOLLOPIPE,Distribution,10,512.6,512.6,481.6,668.8,754.95,841.1
2026-10-01,APOLLOTYRE,Neutral,44,404.75,426.85,384.17,467.4,507.95,548.5
2026-10-01,APOLSINHOT,Neutral,35,1155.9,1200.4,1106.19,1260.4,1320.4,1380.4
2026-10-01,APTECHT,Accumulation,52,87.03,91.45,82.94,97.4,103.35,109.3
2026-10-01,APTUS,Neutral,40,226.4,226.4,216.58,261.96,277.27,292.59
2026-10-01,AQYLON,Distribution,4,15.46,15.46,14.99,26.53,31.25,35.96
2026-10-01,ARCHIDPLY,Low volume (ignore),23,101.79,101.79,94.14,124.78,140.12,155.46
2026-10-01,ARCHIES,Accumulation,61,12.37,13.09,11.79,14.18,15.27,16.35
2026-10-01,ARE&M,Distribution,10,747.4,747.4,712.61,937.8,1024.7,1111.6
2026-10-01,ARENTERP,Low volume (ignore),27,33.79,33.79,30.41,39.8,45.9,52.0
2026-10-01,ARFIN,Accumulation,90,87.25,89.85,80.86,98.86,107.87,116.88
2026-10-01,ARIES,Neutral,40,477.4,478.85,430.97,524.75,570.65,616.55
2026-10-01,ARIHANT,Neutral,45,894.1,894.1,815.77,1065.0,1177.0,1289.0
2026-10-01,ARIHANTCAP,Accumulation,56,88.59,84.09,75.68,98.8,110.94,123.08
2026-10-01,ARIHANTSUP,Distribution,20,216.63,216.63,202.78,269.7,300.02,330.35
2026-10-01,ARIS,Neutral,39,138.66,132.39,119.15,153.25,172.0,190.75
2026-10-01,ARKADE,Neutral,30,118.69,124.55,112.09,134.6,144.65,154.7
2026-10-01,ARMANFIN,Distribution,14,1764.4,1764.4,1616.21,2084.9,2294.25,2503.6
2026-10-01,AROGRANITE,Distribution,20,22.35,22.35,20.37,26.5,29.25,32.0
2026-10-01,ARROWGREEN,Neutral,39,865.2,855.96,770.36,952.75,1090.62,1228.5
2026-10-01,ARSSBL,Accumulation,59,521.05,508.3,457.47,546.05,583.8,621.55
2026-10-01,ARTEMISMED,Strong Accumulation,70,336.4,342.7,308.43,378.8,414.9,451.0
2026-10-01,ARTNIRMAN,Accumulation,51,40.0,39.86,35.87,45.95,50.72,55.49
2026-10-01,ARVEE,Accumulation,66,215.32,199.47,179.52,255.0,302.5,350.0
2026-10-01,ARVIND,Distribution,26,534.05,563.35,507.01,607.15,650.95,694.75
2026-10-01,ARVINDFASN,Distribution,0,379.7,379.7,362.15,463.0,499.23,535.45
2026-10-01,ARVSMART,Neutral,31,592.5,592.5,533.25,707.85,791.6,875.35
2026-10-01,ASAHIINDIA,Neutral,38,944.25,957.5,892.4,995.0,1032.5,1070.0
2026-10-01,ASAHISONG,Low volume (ignore),20,371.25,375.2,337.68,409.2,443.2,477.2
2026-10-01,ASAL,Neutral,30,426.9,468.27,421.45,512.5,556.73,600.95
2026-10-01,ASALCBR,Distribution,10,611.1,611.1,578.17,735.0,788.38,841.75
2026-10-01,ASHAPURMIN,Low volume (ignore),4,489.95,489.95,470.79,610.0,666.25,722.5
2026-10-01,ASHIANA,Neutral,44,383.95,373.65,336.28,414.35,455.05,495.75
2026-10-01,ASHIKA,Strong Accumulation,76,399.25,400.02,378.35,410.0,419.98,429.95
2026-10-01,ASHIMASYN,Distribution,25,15.31,15.31,14.65,19.7,21.85,24.0
2026-10-01,ASHOKA,Distribution,0,105.31,105.31,100.39,129.0,139.88,150.75
2026-10-01,ASHOKAMET,Accumulation,60,14.53,14.53,13.08,19.4,22.6,25.8
2026-10-01,ASHOKLEY,Distribution,14,150.48,150.48,144.04,181.84,196.52,211.2
2026-10-01,ASIANENE,Low volume (ignore),23,466.75,466.75,437.71,565.7,624.25,682.8
2026-10-01,ASIANHOTNR,Neutral,32,348.1,348.1,329.12,423.8,489.7,555.6
2026-10-01,ASIANPAINT,Neutral,40,2407.0,2529.85,2309.57,2678.7,2827.55,2976.4
2026-10-01,ASIANTILES,Neutral,30,47.95,47.66,42.89,52.22,56.78,61.34
2026-10-01,ASKAUTOLTD,Distribution,20,618.15,637.62,578.61,678.75,719.88,761.0
2026-10-01,ASMS,Neutral,35,5.92,5.92,5.33,7.38,8.52,9.66
2026-10-01,ASPINWALL,Neutral,47,240.1,252.03,227.95,269.06,286.09,303.12
2026-10-01,ASTAR,Neutral,40,664.5,648.07,583.26,848.0,1029.5,1211.0
2026-10-01,ASTEC,Strong Accumulation,71,708.6,695.78,626.2,825.95,968.93,1111.9
2026-10-01,ASTERDM,Distribution,4,708.9,708.9,663.72,798.8,838.95,879.1
2026-10-01,ASTRAL,Low volume (ignore),21,1344.0,1344.0,1276.62,1581.0,1698.25,1815.5
2026-10-01,ASTRAMICRO,Distribution,24,1624.5,1665.55,1498.99,1794.0,1922.45,2050.9
2026-10-01,ASTRAZEN,Distribution,0,6031.0,6031.0,5806.42,7620.0,8332.25,9044.5
2026-10-01,ASTRON,Low volume (ignore),20,3.74,3.96,3.56,4.33,4.71,5.08
2026-10-01,ATALREAL,Accumulation,52,12.78,12.78,11.5,36.14,48.25,60.36
2026-10-01,ATAM,Neutral,42,55.35,55.35,49.82,65.0,72.5,80.0
2026-10-01,ATGL,Low volume (ignore),27,583.05,625.6,563.04,674.8,724.0,773.2
2026-10-01,ATHERENERG,Neutral,34,1406.1,1573.9,1416.51,1744.0,1914.1,2084.2
2026-10-01,ATL,Neutral,33,23.59,25.65,23.09,28.18,30.71,33.24
2026-10-01,ATLANTAA,Neutral,36,35.71,38.45,34.61,41.9,45.35,48.8
2026-10-01,ATLANTAELE,Low volume (ignore),24,1716.5,1716.5,1544.85,1958.0,2161.85,2365.7
2026-10-01,ATLASCYCLE,Accumulation,65,91.74,91.74,83.52,116.0,130.95,145.9
2026-10-01,ATUL,Distribution,4,5861.0,5861.0,5624.06,6678.0,7046.5,7415.0
2026-10-01,ATULAUTO,Distribution,20,424.8,424.8,407.64,500.0,536.4,572.8
2026-10-01,AUBANK,Neutral,34,987.0,1064.3,957.87,1144.1,1223.9,1303.7
2026-10-01,AURIONPRO,Distribution,4,607.8,607.8,575.55,725.95,772.9,819.85
2026-10-01,AUROPHARMA,Neutral,45,1676.8,1669.4,1550.84,1740.0,1810.6,1881.2
2026-10-01,AURUM,Accumulation,53,223.41,227.19,208.55,239.39,251.58,263.78
2026-10-01,AUSOMENT,Accumulation,62,139.0,151.3,136.17,166.59,181.88,197.18
2026-10-01,AUTOAXLES,Neutral,40,1683.0,1714.3,1596.62,1782.6,1850.9,1919.2
2026-10-01,AUTOIND,Accumulation,61,81.4,81.4,73.62,98.4,109.65,120.9
2026-10-01,AVADHSUGAR,Neutral,41,764.6,796.4,716.76,884.8,973.2,1061.6
2026-10-01,AVALON,Neutral,30,2280.2,2280.2,2052.18,2618.0,2937.0,3256.0
2026-10-01,AVANTEL,Low volume (ignore),20,150.28,152.25,137.03,165.7,179.15,192.6
2026-10-01,AVANTIFEED,Low volume (ignore),4,711.55,711.55,679.0,873.55,945.27,1017.0
2026-10-01,AVG,Low volume (ignore),20,166.0,179.5,161.55,198.99,218.49,237.98
2026-10-01,AVL,Neutral,37,572.3,606.3,553.48,642.0,677.7,713.4
2026-10-01,AVONMORE,Neutral,37,12.79,13.21,11.89,14.67,16.12,17.58
2026-10-01,AVROIND,Neutral,33,6.68,6.68,6.38,9.8,11.3,12.8
2026-10-01,AVTNPL,Neutral,47,87.85,92.78,83.51,102.0,111.22,120.43
2026-10-01,AWFIS,Neutral,30,235.26,235.26,226.5,304.5,334.73,364.95
2026-10-01,AWHCL,Neutral,37,355.4,370.77,333.7,404.0,437.23,470.45
2026-10-01,AWL,Distribution,20,175.43,188.71,169.84,204.82,220.93,237.04
2026-10-01,AXISBANK,Neutral,36,1217.1,1237.5,1139.75,1300.0,1362.5,1425.0
2026-10-01,AXISCADES,Accumulation,65,2307.3,1884.15,1695.74,2067.4,2327.1,2586.8
2026-10-01,AXITA,Neutral,30,7.58,7.88,7.1,8.53,9.17,9.82
2026-10-01,AYE,Neutral,34,163.29,175.86,158.27,195.0,214.14,233.28
2026-10-01,AYMSYNTEX,Accumulation,57,279.95,279.95,253.41,330.0,374.23,418.45
2026-10-01,AZAD,Accumulation,50,2860.9,2776.5,2498.85,2998.0,3219.5,3441.0
2026-10-01,BAFNAPH,Low volume (ignore),10,378.75,325.84,293.26,364.15,429.75,495.35
2026-10-01,BAGFILMS,Low volume (ignore),10,4.07,4.07,3.78,5.06,5.59,6.12
2026-10-01,BAIDFIN,Neutral,37,10.31,10.31,9.6,12.95,14.66,16.37
2026-10-01,BAJAJ-AUTO,Distribution,14,10045.0,10045.0,9603.0,12470.0,13302.5,14135.0
2026-10-01,BAJAJCON,Accumulation,50,497.05,490.43,441.38,533.0,575.58,618.15
2026-10-01,BAJAJELEC,Distribution,4,299.8,299.8,287.12,357.9,384.85,411.8
2026-10-01,BAJAJFINSV,Neutral,30,1732.6,1881.25,1693.12,2032.5,2183.75,2335.0
2026-10-01,BAJAJHCARE,Neutral,35,322.95,338.73,304.85,364.4,390.07,415.75
2026-10-01,BAJAJHFL,Neutral,37,82.91,83.94,78.63,86.82,89.7,92.58
2026-10-01,BAJAJHIND,Low volume (ignore),10,19.19,19.19,18.24,26.0,29.49,32.99
2026-10-01,BAJAJHLDNG,Neutral,30,10666.0,11122.0,10282.0,11644.0,12166.0,12688.0
2026-10-01,BAJAJINDEF,Low volume (ignore),17,208.52,208.52,195.45,249.0,268.98,288.95
2026-10-01,BAJAJST,Neutral,44,335.7,355.62,323.25,378.0,400.38,422.75
2026-10-01,BAJEL,Low volume (ignore),16,163.63,163.63,154.23,198.5,215.25,232.0
2026-10-01,BAJFINANCE,Distribution,4,948.3,948.3,909.18,1107.0,1179.8,1252.6
2026-10-01,BALAJEE,Low volume (ignore),26,25.2,25.73,23.34,27.4,29.07,30.74
2026-10-01,BALAJITELE,Neutral,37,90.04,94.28,85.71,100.2,106.12,112.04
2026-10-01,BALAMINES,Distribution,24,2052.2,2052.2,1951.15,2629.8,2919.65,3209.5
2026-10-01,BALAXI,Accumulation,62,22.34,22.34,20.37,26.99,29.98,32.98
2026-10-01,BALKRISHNA,Neutral,37,15.94,16.7,15.04,17.89,19.09,20.28
2026-10-01,BALKRISIND,Distribution,0,2083.5,2083.5,1987.43,2394.6,2541.85,2689.1
2026-10-01,BALMLAWRIE,Distribution,10,159.3,159.3,153.36,182.49,193.68,204.87
2026-10-01,BALPHARMA,Strong Accumulation,75,105.74,103.71,93.34,124.6,145.88,167.15
2026-10-01,BALRAMCHIN,Low volume (ignore),20,649.05,708.88,637.99,780.95,853.03,925.1
2026-10-01,BALUFORGE,Distribution,10,488.95,488.95,455.9,650.0,740.0,830.0
2026-10-01,BANARBEADS,Accumulation,61,116.0,117.9,106.11,128.8,139.7,150.6
2026-10-01,BANARISUG,Distribution,20,3300.5,3300.5,3100.61,4338.0,4908.75,5479.5
2026-10-01,BANCOINDIA,Neutral,37,589.85,613.52,560.71,649.0,684.48,719.95
2026-10-01,BANDHANBNK,Accumulation,58,176.0,176.12,158.51,193.0,209.88,226.76
2026-10-01,BANG,Neutral,30,31.44,31.44,29.99,36.3,40.39,44.49
2026-10-01,BANK10ADD,Distribution,26,15.99,16.69,15.36,17.55,18.41,19.27
2026-10-01,BANKA,Neutral,45,68.51,68.51,65.72,83.85,90.52,97.2
2026-10-01,BANKADD,Accumulation,58,55.71,57.28,53.45,59.45,61.62,63.8
2026-10-01,BANKBARODA,Neutral,42,230.82,235.49,217.11,247.15,258.81,270.48
2026-10-01,BANKBETA,Distribution,20,56.42,58.23,53.45,61.36,64.49,67.62
2026-10-01,BANKINDIA,Neutral,37,129.48,138.23,124.69,147.9,157.57,167.25
2026-10-01,BANKPSU,Distribution,26,80.0,84.15,77.6,88.29,92.44,96.58
2026-10-01,BANSALWIRE,Neutral,30,323.05,313.77,283.77,335.0,356.23,377.45
2026-10-01,BANSWRAS,Distribution,15,105.1,105.1,101.28,125.0,134.5,144.01
2026-10-01,BASF,Neutral,37,3417.1,3692.5,3323.25,3974.0,4255.5,4537.0
2026-10-01,BASML,Low volume (ignore),0,22.66,22.66,21.36,25.89,27.37,28.85
2026-10-01,BATAINDIA,Low volume (ignore),24,613.0,669.92,602.93,726.85,783.78,840.7
2026-10-01,BATLIBOI,Distribution,24,82.35,86.54,77.89,94.97,103.4,111.83
2026-10-01,BAYERCROP,Distribution,18,3554.2,3554.2,3407.61,4105.0,4370.0,4635.0
2026-10-01,BBL,Neutral,34,2069.6,2256.85,2031.16,2460.6,2664.35,2868.1
2026-10-01,BBOX,Accumulation,62,795.85,777.52,699.77,845.9,914.27,982.65
2026-10-01,BBTC,Distribution,10,1334.2,1334.2,1267.79,1639.0,1783.5,1928.0
2026-10-01,BBTCL,Neutral,37,229.49,235.39,211.85,253.0,270.61,288.22
2026-10-01,BCG,Neutral,46,9.52,9.52,8.64,11.18,12.32,13.46
2026-10-01,BCLIND,Low volume (ignore),10,31.24,31.24,29.5,39.1,42.78,46.45
2026-10-01,BCONCEPTS,Distribution,25,140.41,140.41,132.41,176.43,195.65,214.86
2026-10-01,BCPL,Accumulation,64,67.25,69.91,63.84,74.0,78.09,82.19
2026-10-01,BDL,Distribution,14,1087.9,1087.9,1039.06,1393.7,1548.0,1702.3
2026-10-01,BEARDSELL,Neutral,40,22.13,22.13,20.57,28.2,30.77,33.33
2026-10-01,BECTORFOOD,Low volume (ignore),21,213.03,213.03,198.88,265.65,294.78,323.91
2026-10-01,BEDMUTHA,Accumulation,70,110.33,107.0,96.3,115.79,124.59,133.38
2026-10-01,BEEKAY,Accumulation,70,435.4,420.0,378.49,449.8,479.6,509.4
2026-10-01,BEL,Distribution,20,383.1,399.05,370.64,416.0,432.95,449.9
2026-10-01,BELLACASA,Neutral,30,241.22,241.22,228.92,285.0,319.5,354.0
2026-10-01,BELRISE,Neutral,40,237.5,238.51,216.07,254.28,270.05,285.81
2026-10-01,BEML,Accumulation,54,1962.3,2033.25,1829.92,2205.0,2376.75,2548.5
2026-10-01,BENGALASM,Neutral,40,6088.0,6300.0,5723.0,6700.0,7100.0,7500.0
2026-10-01,BEPL,Neutral,37,123.76,127.16,114.77,136.0,144.84,153.68
2026-10-01,BERGEPAINT,Accumulation,54,452.4,490.32,441.29,539.55,588.77,638.0
2026-10-01,BESTAGRO,Low volume (ignore),28,17.47,17.47,16.62,21.2,23.52,25.85
2026-10-01,BETA,Neutral,36,2073.3,2224.3,2001.87,2446.0,2667.7,2889.4
2026-10-01,BFINVEST,Neutral,30,428.7,456.77,412.78,488.0,519.23,550.45
2026-10-01,BFSI,Accumulation,50,25.52,26.66,24.46,28.09,29.52,30.96
2026-10-01,BFUTILITIE,Neutral,40,504.75,540.58,486.52,585.8,631.02,676.25
2026-10-01,BGRENERGY,Low volume (ignore),10,239.71,239.71,215.74,281.0,312.5,344.0
2026-10-01,BHAGCHEM,Distribution,25,236.15,236.15,221.16,291.3,318.0,344.7
2026-10-01,BHAGERIA,Accumulation,55,382.05,340.67,306.6,397.0,495.5,594.0
2026-10-01,BHAGYANGR,Accumulation,68,402.65,402.65,362.38,467.9,520.07,572.25
2026-10-01,BHANDARI,Neutral,45,2.82,2.82,2.72,3.13,3.26,3.39
2026-10-01,BHARATCOAL,Low volume (ignore),4,31.75,31.75,30.24,35.7,37.65,39.59
2026-10-01,BHARATFORG,Neutral,47,1875.0,1977.65,1794.89,2104.9,2232.15,2359.4
2026-10-01,BHARATGEAR,Low volume (ignore),20,99.64,102.74,96.03,106.48,110.22,113.96
2026-10-01,BHARATRAS,Neutral,30,998.6,998.6,948.08,1321.8,1482.7,1643.6
2026-10-01,BHARATSE,Neutral,36,204.65,218.25,196.43,238.14,258.03,277.92
2026-10-01,BHARATWIRE,Low volume (ignore),10,160.12,160.12,149.81,191.8,206.45,221.1
2026-10-01,BHARTIARTL,Distribution,10,1741.1,1741.1,1674.51,1954.9,2051.35,2147.8
2026-10-01,BHARTIHEXA,Low volume (ignore),16,1379.2,1379.2,1324.63,1631.4,1748.1,1864.8
2026-10-01,BHEL,Neutral,47,421.0,422.62,390.52,442.65,462.67,482.7
2026-10-01,BI,Low volume (ignore),10,96.7,96.7,87.03,113.0,127.0,141.0
2026-10-01,BIGBLOC,Neutral,40,38.78,41.0,36.9,44.0,47.0,50.0
2026-10-01,BIKAJI,Neutral,30,504.05,504.05,482.72,635.9,692.05,748.2
2026-10-01,BIL,Accumulation,54,987.55,987.55,888.8,1150.0,1311.3,1472.6
2026-10-01,BILVYAPAR,Low volume (ignore),20,4.21,4.22,3.8,4.6,4.97,5.35
2026-10-01,BIMETAL,Neutral,36,640.0,627.4,564.66,679.0,730.6,782.2
2026-10-01,BIOCON,Neutral,37,370.7,396.05,359.38,421.6,447.15,472.7
2026-10-01,BIOFILCHEM,Low volume (ignore),13,29.31,29.31,28.14,37.8,41.64,45.48
2026-10-01,BIRLACABLE,Accumulation,50,383.0,372.33,335.1,418.8,497.7,576.6
2026-10-01,BIRLACORPN,Distribution,26,828.95,844.9,766.2,899.9,954.9,1009.9
2026-10-01,BIRLAMONEY,Neutral,30,112.82,122.0,109.8,132.0,142.0,151.99
2026-10-01,BIRLANU,Neutral,37,1391.2,1465.0,1318.5,1585.0,1705.0,1825.0
2026-10-01,BIRLAPREC,Accumulation,50,55.96,55.96,50.36,63.49,77.12,90.76
2026-10-01,BLACKBUCK,Accumulation,69,606.15,614.9,553.41,659.7,704.5,749.3
2026-10-01,BLACKROSE,Accumulation,59,110.45,111.9,100.71,121.0,130.1,139.2
2026-10-01,BLAL,Distribution,14,157.83,157.83,151.38,171.28,177.92,184.56
2026-10-01,BLBLIMITED,Neutral,46,16.64,16.09,14.49,17.59,19.09,20.58
2026-10-01,BLIL,Accumulation,54,65.01,69.06,62.78,73.4,77.74,82.08
2026-10-01,BLISSGVS,Low volume (ignore),10,683.6,683.6,615.24,739.9,836.45,933.0
2026-10-01,BLKASHYAP,Low volume (ignore),10,50.23,50.23,47.2,62.45,69.03,75.6
2026-10-01,BLS,Distribution,4,216.51,216.51,205.64,280.14,311.21,342.28
2026-10-01,BLSE,Accumulation,53,322.05,319.9,291.0,339.8,359.7,379.6
2026-10-01,BLUECHIP,Neutral,45,1.98,1.97,1.77,2.18,2.45,2.71
2026-10-01,BLUECOAST,Neutral,31,22.0,21.71,19.54,25.48,28.44,31.4
2026-10-01,BLUEDART,Distribution,14,4496.8,4496.8,4326.2,5159.5,5477.75,5796.0
2026-10-01,BLUEJET,Low volume (ignore),10,541.8,541.8,505.52,615.6,651.53,687.45
2026-10-01,BLUESTARCO,Accumulation,60,1459.6,1512.9,1389.33,1593.5,1674.1,1754.7
2026-10-01,BLUESTONE,Distribution,14,787.95,787.95,718.14,969.9,1084.67,1199.45
2026-10-01,BLUSPRING,Neutral,40,147.82,133.9,120.51,152.5,172.38,192.25
2026-10-01,BMWVENTLTD,Accumulation,55,50.83,54.48,49.03,59.0,63.52,68.05
2026-10-01,BNAGROCHEM,Accumulation,61,227.83,211.08,189.97,249.0,277.38,305.77
2026-10-01,BNALTD,Low volume (ignore),0,351.8,351.8,336.78,415.7,446.0,476.3
2026-10-01,BODALCHEM,Strong Accumulation,76,189.75,183.39,165.05,207.7,275.3,342.9
2026-10-01,BOHRAIND,Neutral,44,14.74,13.75,12.37,16.42,18.83,21.24
2026-10-01,BOMDYEING,Distribution,10,102.63,102.63,98.66,121.9,130.34,138.79
2026-10-01,BONLON,Low volume (ignore),23,39.97,39.95,35.96,43.78,48.17,52.56
2026-10-01,BORANA,Distribution,21,272.95,272.95,260.06,339.0,368.45,397.9
2026-10-01,BOROLTD,Strong Accumulation,75,280.2,261.62,235.45,289.0,316.38,343.77
2026-10-01,BORORENEW,Low volume (ignore),28,449.6,449.6,424.33,557.15,616.07,675.0
2026-10-01,BOROSCI,Distribution,4,112.72,112.72,106.7,138.1,150.55,163.0
2026-10-01,BOSCH-HCIL,Accumulation,55,1967.2,1974.72,1816.75,2073.46,2240.11,2406.76
2026-10-01,BOSCHLTD,Low volume (ignore),20,45480.0,45480.0,43077.7,50000.0,52150.0,54300.0
2026-10-01,BPCL,Neutral,44,300.6,311.18,287.12,326.35,341.53,356.7
2026-10-01,BPL,Neutral,36,45.29,48.48,43.63,52.85,57.22,61.59
2026-10-01,BRIGADE,Low volume (ignore),17,569.55,569.55,535.54,735.0,823.73,912.45
2026-10-01,BRIGHOTEL,Neutral,40,56.94,58.96,53.35,62.92,66.88,70.84
2026-10-01,BRITANNIA,Distribution,20,4778.0,4778.0,4594.89,5555.0,5933.5,6312.0
2026-10-01,BRNL,Neutral,40,16.03,16.89,15.51,17.79,18.69,19.59
2026-10-01,BROOKS,Distribution,25,54.8,54.8,51.38,71.4,79.28,87.15
2026-10-01,BSE,Accumulation,65,3046.0,3046.0,2910.0,3474.5,3674.2,3873.9
2026-10-01,BSHSL,Accumulation,65,83.95,87.87,79.08,94.2,100.53,106.87
2026-10-01,BSL,Accumulation,65,118.2,124.89,113.3,132.98,141.07,149.16
2026-10-01,BSOFT,Distribution,20,269.75,290.7,261.63,314.0,337.3,360.6
2026-10-01,BTML,Neutral,35,7.09,7.09,6.38,9.09,10.43,11.76
2026-10-01,BTTL,Low volume (ignore),10,39.5,39.5,35.7,47.4,52.7,58.0
2026-10-01,BUILDPRO,Neutral,42,1249.2,1279.25,1162.55,1360.0,1440.75,1521.5
2026-10-01,BUTTERFLY,Distribution,15,550.5,550.5,506.58,660.6,711.15,761.7
2026-10-01,BVCL,Accumulation,55,41.39,44.0,39.6,48.0,52.0,56.0
2026-10-01,BYKE,Accumulation,52,28.81,30.54,27.49,33.0,35.46,37.92
2026-10-01,CALSOFT,Neutral,30,36.41,36.41,32.77,43.13,51.85,60.56
2026-10-01,CAMLINFINE,Distribution,4,91.01,91.01,86.45,111.38,120.69,130.01
2026-10-01,CAMPUS,Distribution,10,205.83,205.83,193.55,233.28,246.32,259.36
2026-10-01,CAMS,Neutral,40,677.25,725.72,653.15,786.4,847.08,907.75
2026-10-01,CANBK,Distribution,24,118.36,124.73,114.49,131.43,138.13,144.83
2026-10-01,CANFINHOME,Distribution,28,711.0,711.0,679.0,852.35,913.53,974.7
2026-10-01,CANHLIFE,Distribution,24,143.85,149.29,134.36,162.9,176.51,190.12
2026-10-01,CANTABIL,Distribution,10,224.66,224.66,217.28,255.0,268.39,281.79
2026-10-01,CAPACITE,Distribution,4,180.33,180.33,170.88,231.7,257.3,282.9
2026-10-01,CAPILLARY,Low volume (ignore),21,554.7,508.66,457.79,608.8,694.12,779.45
2026-10-01,CAPITALSFB,Neutral,30,277.5,282.23,259.14,297.3,312.38,327.45
2026-10-01,CAPLIPOINT,Accumulation,64,2631.9,2724.9,2452.41,2990.0,3255.1,3520.2
2026-10-01,CAPTRUST,Low volume (ignore),20,19.07,19.09,17.18,20.7,22.31,23.92
2026-10-01,CARBORUNIV,Accumulation,66,1239.7,1156.48,1040.83,1368.9,1544.3,1719.7
2026-10-01,CARERATING,Strong Accumulation,96,1602.7,1699.6,1542.49,1809.0,1918.4,2027.8
2026-10-01,CARRARO,Accumulation,55,518.1,539.35,490.92,572.6,605.85,639.1
2026-10-01,CARTRADE,Low volume (ignore),24,2806.6,3020.2,2718.18,3254.0,3487.8,3721.6
2026-10-01,CARYSIL,Accumulation,68,1044.8,1113.55,1002.19,1211.0,1308.45,1405.9
2026-10-01,CASTROLIND,Accumulation,63,199.04,193.75,178.58,203.4,213.05,222.7
2026-10-01,CCAVENUE,Low volume (ignore),27,15.28,15.85,14.39,16.86,17.87,18.88
2026-10-01,CCCL,Accumulation,53,13.45,14.45,13.0,15.89,17.34,18.78
2026-10-01,CCHHL,Accumulation,80,12.99,13.0,11.74,13.89,14.79,15.68
2026-10-01,CCL,Neutral,36,1056.6,1070.15,970.0,1140.3,1210.45,1280.6
2026-10-01,CDSL,Distribution,10,1242.5,1242.5,1187.18,1445.0,1536.85,1628.7
2026-10-01,CEATLTD,Neutral,31,3286.6,3424.85,3119.42,3633.8,3842.75,4051.7
2026-10-01,CEIGALL,Neutral,48,380.1,377.44,339.7,396.0,439.0,482.0
2026-10-01,CEINSYS,Distribution,17,654.25,654.25,615.9,777.95,834.43,890.9
2026-10-01,CELEBRITY,Accumulation,53,6.26,6.69,6.02,7.17,7.65,8.13
2026-10-01,CELLO,Distribution,24,323.1,341.15,307.03,367.7,394.25,420.8
2026-10-01,CEMPRO,Low volume (ignore),4,1178.9,1178.9,1125.49,1355.0,1434.5,1514.0
2026-10-01,CENTENKA,Neutral,46,537.8,585.4,526.86,635.0,684.6,734.2
2026-10-01,CENTEXT,Neutral,45,18.18,18.18,17.44,23.4,26.11,28.82
2026-10-01,CENTRALBK,Neutral,38,30.0,31.14,28.99,32.4,33.66,34.91
2026-10-01,CENTRUM,Distribution,20,19.9,19.9,18.15,24.55,26.85,29.15
2026-10-01,CENTUM,Accumulation,65,4701.7,4443.97,3999.57,4999.5,5871.7,6743.9
2026-10-01,CENTURYPLY,Accumulation,50,666.45,717.52,645.77,780.0,842.48,904.95
2026-10-01,CERA,Distribution,10,5096.5,5096.5,4858.24,5938.5,6357.75,6777.0
2026-10-01,CESC,Distribution,28,131.62,131.62,125.86,160.2,174.05,187.9
2026-10-01,CEWATER,Neutral,44,253.45,270.07,243.07,289.9,309.72,329.55
2026-10-01,CGCL,Neutral,34,249.23,249.23,236.74,287.45,322.67,357.9
2026-10-01,CGPOWER,Distribution,20,879.0,884.77,813.39,931.0,977.23,1023.45
2026-10-01,CHALET,Neutral,40,830.25,884.05,803.31,939.95,995.85,1051.75
2026-10-01,CHAMBLFERT,Neutral,33,399.3,399.3,384.6,446.9,469.65,492.4
2026-10-01,CHEMBOND,Strong Accumulation,81,177.64,177.64,163.45,236.8,273.7,310.6
2026-10-01,CHEMBONDCH,Low volume (ignore),0,215.81,215.81,207.8,290.0,319.85,349.7
2026-10-01,CHEMCON,Neutral,35,215.93,215.93,194.34,235.0,260.5,285.99
2026-10-01,CHEMFAB,Neutral,45,328.35,328.35,315.25,399.5,432.02,464.55
2026-10-01,CHEMICAL,Distribution,20,28.2,29.44,27.17,30.87,32.3,33.73
2026-10-01,CHEMPLASTS,Accumulation,55,191.56,181.68,163.51,202.47,223.2,243.94
2026-10-01,CHENNPETRO,Neutral,33,1346.4,1346.4,1290.78,1677.5,1853.7,2029.9
2026-10-01,CHEVIOT,Accumulation,66,1167.0,1172.55,1067.97,1244.1,1315.65,1387.2
2026-10-01,CHOICEIN,Distribution,20,719.4,719.4,685.55,819.0,867.7,916.4
2026-10-01,CHOLAFIN,Distribution,21,1580.0,1580.0,1516.3,1925.0,2087.4,2249.8
2026-10-01,CHOLAHLDNG,Neutral,36,1369.6,1462.0,1315.8,1583.0,1704.0,1825.0
2026-10-01,CIEINDIA,Low volume (ignore),20,376.35,388.55,355.89,410.2,431.85,453.5
2026-10-01,CIFL,Neutral,44,20.76,20.6,18.54,24.29,27.16,30.02
2026-10-01,CINELINE,Accumulation,60,85.96,94.9,85.41,104.4,113.9,123.4
2026-10-01,CINEVISTA,Neutral,45,13.63,14.77,13.3,16.15,17.52,18.9
2026-10-01,CIPLA,Distribution,4,1344.0,1344.0,1293.4,1443.6,1493.25,1542.9
2026-10-01,CLCIND,Low volume (ignore),0,43.22,43.22,41.75,62.55,71.32,80.1
2026-10-01,CLEAN,Low volume (ignore),26,803.05,820.4,743.02,874.8,929.2,983.6
2026-10-01,CLEANMAX,Neutral,46,1299.8,1299.8,1227.05,1481.0,1636.0,1791.0
2026-10-01,CLEDUCATE,Neutral,31,57.91,57.1,51.46,66.41,73.09,79.77
2026-10-01,CLSEL,Distribution,20,281.95,299.45,269.51,324.8,350.15,375.5
2026-10-01,CMPDI,Neutral,34,204.38,223.75,201.37,247.5,271.25,295.01
2026-10-01,CMRGREEN,Distribution,24,223.38,224.08,203.04,238.85,253.62,268.38
2026-10-01,CMSINFO,Distribution,10,220.69,220.69,208.67,254.0,270.5,287.01
2026-10-01,CNL,Distribution,25,1079.2,1079.2,1017.53,1328.0,1467.5,1607.0
2026-10-01,COALINDIA,Neutral,46,420.4,416.05,383.93,436.3,456.55,476.8
2026-10-01,COASTCORP,Neutral,30,35.82,39.15,35.23,43.09,47.04,50.98
2026-10-01,COCHINSHIP,Distribution,0,1287.0,1287.0,1227.63,1577.9,1721.85,1865.8
2026-10-01,COCKERILL,Neutral,44,7989.0,8283.0,7454.7,8885.0,9487.0,10089.0
2026-10-01,COFFEEDAY,Neutral,35,29.69,29.69,27.7,35.34,38.98,42.62
2026-10-01,COFORGE,Neutral,34,1826.0,1869.1,1682.19,2021.2,2173.3,2325.4
2026-10-01,COHANCE,Strong Accumulation,73,451.3,450.1,405.09,484.0,517.9,551.8
2026-10-01,COLPAL,Neutral,34,1735.0,1735.0,1664.62,1917.8,1985.65,2053.5
2026-10-01,COMFINTE,Neutral,41,6.23,6.13,5.52,7.4,8.3,9.2
2026-10-01,COMPUSOFT,Neutral,37,13.05,13.66,12.29,15.0,16.34,17.69
2026-10-01,COMSYN,Neutral,37,262.4,286.82,258.14,315.4,343.97,372.55
2026-10-01,CONCOR,Distribution,0,442.0,442.0,423.26,524.4,564.95,605.5
2026-10-01,CONCORDBIO,Neutral,32,1374.1,1374.1,1280.4,1615.0,1730.55,1846.1
2026-10-01,CONFIPET,Accumulation,60,86.05,86.05,79.54,93.2,104.2,115.19
2026-10-01,CONS,Distribution,10,11.35,11.35,10.79,12.63,13.23,13.82
2026-10-01,CONSOFINVT,Low volume (ignore),20,279.6,288.93,260.03,317.8,346.68,375.55
2026-10-01,CONSUMAXIS,Distribution,10,111.99,111.99,107.6,125.0,130.0,135.0
2026-10-01,CONSUMER,Distribution,0,11.06,11.06,10.64,12.74,13.46,14.17
2026-10-01,CONTROLPR,Strong Accumulation,85,618.0,617.37,567.98,648.24,673.89,699.54
2026-10-01,CORALFINAC,Accumulation,55,31.25,33.73,30.36,36.4,39.07,41.74
2026-10-01,CORDELIA,Accumulation,62,100.91,100.91,95.59,1054.7,1532.15,2009.6
2026-10-01,CORDSCABLE,Accumulation,52,318.9,318.9,287.01,406.95,492.88,578.8
2026-10-01,COROMANDEL,Neutral,34,1763.6,1763.6,1649.97,2055.0,2196.45,2337.9
2026-10-01,CORONA,Accumulation,60,2029.4,2146.75,1941.07,2292.4,2438.05,2583.7
2026-10-01,COSMOFIRST,Distribution,24,826.85,910.6,819.54,996.0,1081.4,1166.8
2026-10-01,COUNCODOS,Low volume (ignore),20,6.33,6.53,5.87,7.0,7.47,7.95
2026-10-01,CPCAP,Strong Accumulation,86,140.85,140.85,126.76,160.5,185.25,210.0
2026-10-01,CPEDU,Neutral,48,176.36,188.19,169.37,205.37,222.56,239.74
2026-10-01,CPPLUS,Accumulation,55,3799.6,3632.0,3268.8,3943.0,4254.0,4565.0
2026-10-01,CRAFTSMAN,Low volume (ignore),10,10266.0,10266.0,9797.0,11999.0,12823.5,13648.0
2026-10-01,CRAMC,Distribution,25,216.52,216.52,209.52,267.5,290.18,312.85
2026-10-01,CREATIVEYE,Neutral,49,6.17,5.98,5.38,6.77,7.57,8.38
2026-10-01,CREDITACC,Low volume (ignore),20,1239.0,1239.0,1172.83,1543.0,1709.95,1876.9
2026-10-01,CREST,Neutral,37,362.35,368.75,337.07,390.0,411.25,432.5
2026-10-01,CRISIL,Low volume (ignore),24,4428.6,4428.6,4214.65,4872.0,5093.0,5314.0
2026-10-01,CRIZAC,Neutral,40,166.89,176.42,158.78,192.89,209.36,225.83
2026-10-01,CROMPTON,Distribution,14,202.7,202.7,195.07,259.0,282.81,306.63
2026-10-01,CROWN,Strong Accumulation,71,111.53,111.53,100.38,132.0,147.94,163.89
2026-10-01,CSBBANK,Neutral,43,304.75,325.27,292.75,355.55,385.83,416.1
2026-10-01,CSLFINANCE,Distribution,7,208.34,208.34,198.85,258.0,282.6,307.19
2026-10-01,CSM,Neutral,44,94.25,94.25,84.82,114.9,134.22,153.54
2026-10-01,CTE,Low volume (ignore),10,38.91,38.91,36.97,53.99,61.93,69.87
2026-10-01,CUB,Neutral,48,230.04,229.77,206.79,248.85,267.93,287.01
2026-10-01,CUBEXTUB,Accumulation,65,166.1,107.63,96.87,175.83,226.5,277.16
2026-10-01,CUMMINSIND,Distribution,24,4860.0,5032.5,4651.15,5270.0,5507.5,5745.0
2026-10-01,CUPID,Accumulation,60,312.5,293.71,270.21,308.4,331.52,354.65
2026-10-01,CURAA,Neutral,30,72.25,72.25,65.03,84.0,96.0,108.0
2026-10-01,CYBERMEDIA,Accumulation,50,17.96,17.96,17.11,28.99,35.36,41.74
2026-10-01,CYBERTECH,Low volume (ignore),20,135.95,138.5,127.07,146.0,153.5,161.0
2026-10-01,CYIENT,Low volume (ignore),28,1104.6,1079.69,999.39,1219.0,1384.05,1549.1
2026-10-01,CYIENTDLM,Low volume (ignore),23,893.9,893.9,804.51,1009.0,1162.25,1315.5
2026-10-01,DABUR,Accumulation,60,374.25,385.08,357.01,402.1,419.12,436.15
2026-10-01,DAICHI,Neutral,37,317.1,317.1,289.16,380.0,419.4,458.8
2026-10-01,DALBHARAT,Distribution,24,1682.1,1777.55,1599.8,1925.0,2072.45,2219.9
2026-10-01,DALMIASUG,Distribution,14,396.7,396.7,366.27,520.0,591.2,662.4
2026-10-01,DAMCAPITAL,Neutral,40,146.56,149.07,134.16,163.75,178.43,193.11
2026-10-01,DAMODARIND,Low volume (ignore),20,26.59,27.77,25.0,29.78,31.79,33.79
2026-10-01,DANGEE,Strong Accumulation,70,2.9,2.84,2.56,3.54,4.04,4.54
2026-10-01,DATAMATICS,Neutral,45,790.3,794.77,715.3,857.5,920.23,982.95
2026-10-01,DATAPATTNS,Low volume (ignore),20,4251.3,4570.0,4113.0,5000.0,5430.0,5860.0
2026-10-01,DAVANGERE,Neutral,40,2.26,2.14,1.92,3.08,3.75,4.42
2026-10-01,DBCORP,Distribution,15,172.52,172.52,164.72,210.78,228.81,246.84
2026-10-01,DBEIL,Accumulation,51,6.5,6.5,5.87,7.71,8.56,9.41
2026-10-01,DBL,Neutral,40,399.1,414.85,378.3,439.7,464.55,489.4
2026-10-01,DBOL,Accumulation,50,120.91,120.13,108.11,139.0,153.63,168.26
2026-10-01,DBREALTY,Neutral,45,91.7,91.7,88.95,111.38,120.27,129.16
2026-10-01,DBSTOCKBRO,Low volume (ignore),10,31.5,29.46,26.51,33.99,37.46,40.93
2026-10-01,DCAL,Distribution,14,150.35,150.35,144.55,188.0,203.2,218.4
2026-10-01,DCBBANK,Distribution,10,199.71,199.71,190.91,234.8,260.71,286.61
2026-10-01,DCI,Neutral,46,342.95,300.98,270.88,464.0,570.42,676.85
2026-10-01,DCM,Distribution,15,72.83,72.83,69.86,83.0,87.35,91.7
2026-10-01,DCMFINSERV,Neutral,49,5.07,5.28,4.75,5.8,6.32,6.85
2026-10-01,DCMNVL,Distribution,21,166.47,166.47,159.08,198.58,212.87,227.16
2026-10-01,DCMSHRIRAM,Neutral,45,906.85,1011.25,910.12,1119.5,1227.75,1336.0
2026-10-01,DCMSIL,Accumulation,55,80.25,73.68,66.31,88.0,98.5,109.0
2026-10-01,DCMSRIND,Low volume (ignore),21,37.69,37.69,35.95,55.75,65.09,74.44
2026-10-01,DCW,Strong Accumulation,70,44.62,47.31,42.58,51.44,55.56,59.69
2026-10-01,DCXINDIA,Neutral,30,158.99,167.5,151.44,178.89,190.27,201.66
2026-10-01,DDEVPLSTIK,Neutral,30,247.61,263.0,236.7,285.0,307.0,329.0
2026-10-01,DECCANCE,Neutral,33,548.95,580.38,522.34,625.75,671.12,716.5
2026-10-01,DEEDEV,Strong Accumulation,81,663.2,663.2,596.88,721.9,794.1,866.3
2026-10-01,DEEPAKFERT,Neutral,43,1300.9,1388.55,1249.69,1508.0,1627.45,1746.9
2026-10-01,DEEPAKNTR,Distribution,10,1492.8,1492.8,1428.91,1820.0,1973.85,2127.7
2026-10-01,DEEPINDS,Low volume (ignore),24,749.0,749.0,674.1,825.0,924.48,1023.95
2026-10-01,DEFENCE,Neutral,43,76.31,79.97,73.09,84.59,89.21,93.83
2026-10-01,DELHIVERY,Distribution,10,400.0,400.0,385.09,471.95,505.4,538.85
2026-10-01,DELPHIFX,Low volume (ignore),10,6.9,5.89,5.3,6.82,7.87,8.92
2026-10-01,DELTACORP,Strong Accumulation,71,73.48,62.88,56.59,81.56,96.51,111.46
2026-10-01,DELTAMAGNT,Neutral,40,54.08,56.33,50.69,60.45,64.58,68.7
2026-10-01,DEN,Distribution,15,25.41,25.41,24.37,29.24,31.1,32.96
2026-10-01,DENORA,Neutral,45,723.9,788.55,709.69,859.5,930.45,1001.4
2026-10-01,DENTA,Low volume (ignore),17,260.65,260.65,246.67,296.45,313.23,330.0
2026-10-01,DEVIT,Distribution,20,20.75,20.75,19.88,27.7,30.95,34.19
2026-10-01,DEVX,Accumulation,52,36.28,34.05,30.65,36.9,39.74,42.59
2026-10-01,DEVYANI,Neutral,36,127.07,141.25,127.13,155.95,170.64,185.34
2026-10-01,DGCONTENT,Neutral,46,25.43,24.37,21.93,29.07,32.33,35.59
2026-10-01,DHAMPURSUG,Low volume (ignore),10,171.06,166.19,149.57,199.92,225.57,251.23
2026-10-01,DHANBANK,Distribution,15,26.97,26.97,25.22,34.83,38.35,41.87
2026-10-01,DHANUKA,Neutral,47,935.05,976.0,894.34,1030.0,1084.0,1138.0
2026-10-01,DHARMAJ,Neutral,40,267.65,281.45,253.31,306.0,330.55,355.1
2026-10-01,DHRUV,Neutral,45,19.74,19.74,18.88,25.95,28.76,31.57
2026-10-01,DHUNINV,Neutral,37,967.3,1051.38,946.24,1151.75,1252.12,1352.5
2026-10-01,DIACABS,Low volume (ignore),10,345.0,345.0,310.5,404.0,448.0,492.0
2026-10-01,DIAMINESQ,Neutral,38,236.31,248.72,226.98,263.45,278.17,292.9
2026-10-01,DIAMONDYD,Neutral,33,1073.0,1115.15,1006.57,1192.6,1270.05,1347.5
2026-10-01,DICIND,Neutral,46,613.65,611.15,550.03,675.0,738.85,802.7
2026-10-01,DIFFNKG,Distribution,26,464.4,445.23,402.65,519.9,586.32,652.75
2026-10-01,DIGIDRIVE,Neutral,42,17.61,17.91,16.51,18.8,19.69,20.58
2026-10-01,DIGISPICE,Accumulation,51,14.79,14.79,13.97,17.72,19.1,20.49
2026-10-01,DIGITIDE,Distribution,15,72.34,72.34,67.86,104.15,118.83,133.5
2026-10-01,DIGJAMLMTD,Neutral,40,47.96,47.96,46.5,73.19,85.61,98.03
2026-10-01,DISAQ,Neutral,45,11249.0,11776.0,10817.44,12400.0,13024.0,13648.0
2026-10-01,DISHTV,Accumulation,55,2.15,2.15,1.99,2.86,3.21,3.57
2026-10-01,DIVGIITTS,Low volume (ignore),20,1136.4,1136.4,1030.14,1329.8,1463.7,1597.6
2026-10-01,DIVIDEND,Distribution,0,33.63,33.63,32.31,36.54,37.87,39.2
2026-10-01,DIVISLAB,Accumulation,53,9249.0,9098.75,8203.77,9740.0,10381.25,11022.5
2026-10-01,DIXON,Distribution,10,12700.0,12700.0,12271.47,15000.0,16075.0,17150.0
2026-10-01,DJML,Low volume (ignore),25,72.61,72.61,66.84,115.25,139.09,162.93
2026-10-01,DLF,Accumulation,60,658.4,651.27,593.15,691.05,730.82,770.6
2026-10-01,DLINKINDIA,Low volume (ignore),24,406.6,429.95,390.91,456.9,483.85,510.8
2026-10-01,DMART,Accumulation,63,3813.0,3860.0,3540.5,4070.0,4280.0,4490.0
2026-10-01,DMCC,Neutral,37,308.7,288.4,259.56,319.9,351.4,382.9
2026-10-01,DNAMEDIA,Distribution,14,2.42,2.42,2.18,2.89,3.25,3.61
2026-10-01,DODLA,Neutral,40,1006.3,1075.0,967.5,1160.0,1245.0,1330.0
2026-10-01,DOLATALGO,Distribution,0,62.86,62.86,60.29,78.82,85.88,92.93
2026-10-01,DOLLAR,Neutral,48,272.1,271.0,251.28,282.95,294.9,306.85
2026-10-01,DOLPHIN,Neutral,35,628.1,628.1,582.24,749.5,846.62,943.75
2026-10-01,DOMS,Neutral,30,2097.5,2149.95,1959.4,2279.9,2409.85,2539.8
2026-10-01,DONEAR,Neutral,30,80.29,80.29,77.21,94.49,101.23,107.98
2026-10-01,DPABHUSHAN,Strong Accumulation,70,1874.0,1452.49,1307.25,1665.8,1853.7,2041.6
2026-10-01,DPSCLTD,Low volume (ignore),20,6.8,7.21,6.52,7.71,8.21,8.7
2026-10-01,DPWIRES,Low volume (ignore),20,163.99,155.71,140.14,170.03,184.35,198.67
2026-10-01,DRAGARWQ,Accumulation,65,5159.0,5287.5,4922.75,5500.0,5712.5,5925.0
2026-10-01,DRCSYSTEMS,Distribution,20,13.02,12.82,11.53,14.45,15.91,17.38
2026-10-01,DREAMFOLKS,Neutral,40,61.5,66.15,59.54,71.0,75.85,80.7
2026-10-01,DREDGECORP,Distribution,4,895.2,895.2,854.57,1204.0,1343.45,1482.9
2026-10-01,DRREDDY,Accumulation,52,1206.2,1191.4,1096.1,1252.8,1314.2,1375.6
2026-10-01,DSFCL,Neutral,39,27.9,27.39,24.65,32.21,36.59,40.97
2026-10-01,DSSL,Distribution,0,948.75,948.75,912.82,1129.4,1201.1,1272.8
2026-10-01,DTIL,Distribution,10,158.57,144.15,129.73,193.79,224.08,254.38
2026-10-01,DUCON,Neutral,40,1.3,1.3,1.17,3.65,4.9,6.15
2026-10-01,DVL,Neutral,37,278.7,282.69,254.42,304.0,325.31,346.63
2026-10-01,DWARKESH,Distribution,10,41.96,41.96,38.66,59.9,69.92,79.94
2026-10-01,DYCL,Distribution,20,428.0,428.0,404.15,560.0,631.67,703.35
2026-10-01,DYNAMATECH,Strong Accumulation,81,13756.0,13567.5,12482.1,14245.87,15388.37,16530.88
2026-10-01,DYNPRO,Neutral,44,224.58,233.0,211.46,248.0,263.0,278.0
2026-10-01,E2E,Low volume (ignore),20,648.0,608.9,548.01,666.9,724.9,782.9
2026-10-01,EASEMYTRIP,Low volume (ignore),24,5.76,6.06,5.54,6.41,6.76,7.11
2026-10-01,EASTSILK,Low volume (ignore),10,70.12,65.18,58.66,75.39,85.64,95.88
2026-10-01,EBGNG,Neutral,47,704.7,670.23,603.21,730.0,809.0,888.0
2026-10-01,ECAPINSURE,Distribution,27,22.73,23.63,21.78,24.81,25.99,27.17
2026-10-01,ECLERX,Neutral,30,1802.9,1912.0,1720.8,2062.0,2212.0,2362.0
2026-10-01,ECOSMOBLTY,Accumulation,65,105.01,114.14,102.73,124.19,134.24,144.28
2026-10-01,EDELWEISS,Strong Accumulation,79,137.9,134.38,120.94,146.0,157.62,169.24
2026-10-01,EFCIL,Distribution,4,171.2,171.2,162.04,211.5,230.43,249.35
2026-10-01,EICHERMOT,Distribution,20,6920.0,6920.0,6634.8,8140.0,8627.75,9115.5
2026-10-01,EIDPARRY,Distribution,0,674.55,674.55,652.13,865.4,956.72,1048.05
2026-10-01,EIEL,Low volume (ignore),13,184.0,184.0,177.46,215.74,229.61,243.48
2026-10-01,EIFFL,Low volume (ignore),20,267.75,277.55,249.8,305.1,332.65,360.2
2026-10-01,EIHAHOTELS,Neutral,30,296.1,294.05,269.76,310.0,325.95,341.9
2026-10-01,EIHOTEL,Accumulation,60,297.85,300.73,271.89,321.15,341.57,362.0
2026-10-01,EIMCOELECO,Accumulation,55,2268.8,2236.5,2060.47,2348.8,2461.1,2573.4
2026-10-01,EKC,Neutral,47,106.01,107.91,97.12,119.33,130.75,142.17
2026-10-01,ELANTAS,Neutral,44,13474.0,13474.0,12126.6,15150.0,17160.0,19170.0
2026-10-01,ELCIDIN,Low volume (ignore),24,102155.0,105747.5,98455.0,109995.0,114242.5,118490.0
2026-10-01,ELDEHSG,Distribution,24,782.25,790.5,711.45,848.0,905.5,963.0
2026-10-01,ELECON,Accumulation,58,440.0,445.95,401.36,489.5,533.05,576.6
2026-10-01,ELECTCAST,Accumulation,54,74.54,74.54,68.0,87.78,96.62,105.46
2026-10-01,ELECTHERM,Low volume (ignore),29,743.6,743.6,695.54,1075.0,1225.0,1375.0
2026-10-01,ELGIEQUIP,Low volume (ignore),10,584.65,584.65,557.56,653.4,687.6,721.8
2026-10-01,ELGIRUBCO,Low volume (ignore),21,51.38,51.38,48.98,64.66,71.24,77.82
2026-10-01,ELIN,Distribution,20,79.73,79.73,75.96,106.75,118.14,129.53
2026-10-01,ELITECON,Strong Accumulation,86,7.79,7.79,7.01,17.22,22.29,27.36
2026-10-01,ELLEN,Accumulation,60,341.7,341.7,307.53,394.95,438.25,481.55
2026-10-01,ELM250,Accumulation,57,15.65,16.49,15.05,17.47,18.45,19.42
2026-10-01,ELPROINTL,Low volume (ignore),24,174.31,171.5,160.1,177.95,184.4,190.85
2026-10-01,EMAMILTD,Accumulation,68,372.65,387.32,350.32,413.5,439.68,465.85
2026-10-01,EMAMIPAP,Low volume (ignore),20,116.84,114.55,103.09,124.0,133.45,142.9
2026-10-01,EMAMIREAL,Accumulation,78,67.14,69.88,63.29,74.5,79.12,83.75
2026-10-01,EMBDL,Distribution,20,56.13,59.27,53.34,65.34,71.41,77.48
2026-10-01,EMCURE,Strong Accumulation,75,1944.6,1965.4,1775.2,2100.7,2236.0,2371.3
2026-10-01,EMIL,Neutral,40,204.05,205.52,189.08,215.8,234.28,252.76
2026-10-01,EMKAY,Accumulation,63,286.8,262.63,236.37,295.05,325.08,355.1
2026-10-01,EMMBI,Low volume (ignore),20,86.04,87.54,78.79,94.99,102.44,109.88
2026-10-01,EMMVEE,Low volume (ignore),7,305.9,305.9,291.82,354.8,376.95,399.1
2026-10-01,EMPOWER,Strong Accumulation,71,1.54,1.54,1.49,2.56,2.99,3.42
2026-10-01,EMSLIMITED,Low volume (ignore),24,331.55,331.55,314.91,413.05,452.27,491.5
2026-10-01,EMUDHRA,Accumulation,53,580.0,580.0,522.0,681.6,777.9,874.2
2026-10-01,EMULTIMQ,Distribution,20,40.16,41.48,38.38,43.4,45.31,47.23
2026-10-01,ENDURANCE,Low volume (ignore),26,2601.4,2827.0,2544.3,3072.0,3317.0,3562.0
2026-10-01,ENERGY,Neutral,40,36.75,38.0,35.46,39.43,40.86,42.3
2026-10-01,ENERGYDEV,Distribution,24,14.52,15.38,13.84,16.75,18.12,19.5
2026-10-01,ENEXT50,Distribution,26,68.98,71.82,65.61,76.0,80.18,84.36
2026-10-01,ENGINERSIN,Neutral,48,312.75,286.88,258.2,321.4,364.43,407.46
2026-10-01,ENIL,Distribution,0,93.36,93.36,89.77,108.95,115.87,122.78
2026-10-01,ENRIN,Strong Accumulation,75,3334.0,3248.5,2923.65,3529.0,3809.5,4090.0
2026-10-01,ENTERO,Neutral,37,1680.8,1680.8,1562.48,1920.0,2185.75,2451.5
2026-10-01,EPACK,Low volume (ignore),0,171.59,171.59,163.55,208.66,225.99,243.31
2026-10-01,EPACKPEB,Accumulation,61,242.07,236.1,212.49,258.97,281.85,304.72
2026-10-01,EPIGRAL,Distribution,14,982.2,982.2,946.62,1264.8,1390.65,1516.5
2026-10-01,EPL,Low volume (ignore),27,232.39,251.01,225.91,274.03,297.04,320.06
2026-10-01,EQUAL200,Distribution,0,12.95,12.95,12.44,14.16,14.72,15.28
2026-10-01,EQUAL50,Distribution,16,309.14,309.14,296.18,338.32,350.89,363.46
2026-10-01,EQUAL50ADD,Neutral,45,320.32,320.32,307.1,351.0,365.5,380.0
2026-10-01,EQUIPPP,Low volume (ignore),20,22.83,22.95,20.66,24.62,26.29,27.96
2026-10-01,EQUITASBNK,Neutral,35,68.41,71.72,64.54,78.8,85.88,92.97
2026-10-01,ERIS,Distribution,26,1189.8,1271.05,1144.7,1362.0,1452.95,1543.9
2026-10-01,ESABINDIA,Neutral,30,5500.5,5908.5,5317.65,6370.0,6831.5,7293.0
2026-10-01,ESAFSFB,Low volume (ignore),20,43.4,41.05,36.95,45.0,48.95,52.89
2026-10-01,ESCORTS,Low volume (ignore),14,2667.3,2667.3,2473.6,3112.9,3318.85,3524.8
2026-10-01,ESENSEX,Low volume (ignore),10,72.6,72.6,69.94,79.0,82.01,85.02
2026-10-01,ESG,Distribution,4,38.47,38.47,37.02,42.54,44.45,46.35
2026-10-01,ESSARSHPNG,Accumulation,62,17.18,17.2,15.48,18.97,20.74,22.51
2026-10-01,ESSENTIA,Neutral,35,1.0,1.12,1.01,1.25,1.38,1.5
2026-10-01,ESTER,Accumulation,51,95.52,90.42,81.38,97.85,105.27,112.7
2026-10-01,ETERNAL,Neutral,35,313.9,327.6,301.48,344.4,361.2,378.0
2026-10-01,ETHOSLTD,Neutral,35,2531.9,2673.5,2406.15,2936.6,3199.7,3462.8
2026-10-01,EUREKAFORB,Distribution,27,352.5,352.5,337.56,440.3,485.45,530.6
2026-10-01,EUROBOND,Neutral,30,148.29,154.91,139.69,165.8,176.7,187.59
2026-10-01,EUROPRATIK,Neutral,40,190.42,190.42,179.17,271.9,308.57,345.25
2026-10-01,EUROTEXIND,Accumulation,55,15.73,12.99,11.69,14.1,15.61,17.13
2026-10-01,EVEREADY,Neutral,45,315.85,342.2,307.98,369.4,396.6,423.8
2026-10-01,EVERESTIND,Low volume (ignore),20,475.3,455.11,418.71,477.87,509.29,540.72
2026-10-01,EVINDIA,Distribution,10,30.0,30.0,28.74,34.37,36.28,38.19
2026-10-01,EXCELINDUS,Distribution,20,921.8,1028.3,925.47,1139.5,1250.7,1361.9
2026-10-01,EXCELSOFT,Accumulation,66,78.33,78.33,70.5,87.8,98.25,108.7
2026-10-01,EXICOM,Low volume (ignore),14,151.1,151.1,142.78,189.17,208.64,228.12
2026-10-01,EXIDEIND,Low volume (ignore),24,409.45,435.55,391.99,467.95,500.35,532.75
2026-10-01,EXPLEOSOL,Neutral,44,848.75,884.45,816.74,926.9,969.35,1011.8
2026-10-01,EXXARO,Neutral,49,6.04,6.71,6.04,7.42,8.13,8.84
2026-10-01,FABTECH,Distribution,10,142.01,142.01,135.24,154.45,160.41,166.38
2026-10-01,FACT,Distribution,0,734.95,734.95,706.11,920.0,1009.98,1099.95
2026-10-01,FAIRCHEMOR,Low volume (ignore),20,661.5,637.6,573.84,690.0,742.4,794.8
2026-10-01,FAZE3Q,Low volume (ignore),26,433.05,461.6,415.44,507.0,552.4,597.8
2026-10-01,FCL,Neutral,46,55.72,55.72,50.15,62.4,72.0,81.59
2026-10-01,FCSSOFT,Accumulation,59,1.38,1.44,1.3,1.55,1.66,1.77
2026-10-01,FDC,Neutral,40,335.9,347.2,318.94,365.6,384.0,402.4
2026-10-01,FEDDERSHOL,Strong Accumulation,71,63.63,55.41,49.87,72.77,89.63,106.5
2026-10-01,FEDERALBNK,Distribution,27,318.2,318.2,304.34,364.2,386.55,408.9
2026-10-01,FEDFINA,Neutral,34,149.77,158.17,142.91,169.0,179.83,190.67
2026-10-01,FERMENTA,Strong Accumulation,70,553.25,490.6,441.54,575.1,649.5,723.9
2026-10-01,FIBERWEB,Accumulation,61,26.55,26.88,24.32,28.68,30.48,32.29
2026-10-01,FIEMIND,Distribution,14,1794.8,1794.8,1731.55,2253.5,2435.2,2616.9
2026-10-01,FILATEX,Accumulation,56,106.1,93.07,83.76,113.94,135.54,157.14
2026-10-01,FILATFASH,Accumulation,65,0.18,0.18,0.16,0.19,0.2,0.21
2026-10-01,FINCABLES,Accumulation,65,1458.8,1387.96,1249.17,1498.0,1653.75,1809.5
2026-10-01,FINEORG,Neutral,30,5131.0,5177.75,4818.96,5387.5,5597.25,5807.0
2026-10-01,FINKURVE,Neutral,41,70.53,70.53,63.48,83.1,92.34,101.58
2026-10-01,FINOPB,Neutral,35,128.22,138.44,124.59,151.82,165.2,178.59
2026-10-01,FINPIPE,Low volume (ignore),27,150.49,157.28,143.61,166.5,175.72,184.95
2026-10-01,FIRSTCRY,Accumulation,56,174.75,182.53,164.28,201.7,220.86,240.03
2026-10-01,FISCHER,Accumulation,55,33.46,36.1,32.49,39.7,43.3,46.9
2026-10-01,FIVESTAR,Neutral,33,506.25,523.75,474.81,558.0,592.25,626.5
2026-10-01,FLAIR,Distribution,0,226.57,226.57,210.32,254.25,267.38,280.5
2026-10-01,FLEXIADD,Neutral,30,9.37,9.37,8.97,10.53,11.1,11.68
2026-10-01,FLEXITUFF,Low volume (ignore),10,3.02,2.52,2.26,2.92,3.38,3.84
2026-10-01,FLUOROCHEM,Distribution,10,4341.5,4341.5,4098.64,4887.9,5151.85,5415.8
2026-10-01,FMCGADD,Neutral,42,44.29,44.29,42.44,48.88,50.82,52.75
2026-10-01,FMGOETZE,Distribution,17,444.25,444.25,418.26,641.1,746.05,851.0
2026-10-01,FMNL,Accumulation,55,8.08,8.08,7.38,11.15,12.92,14.69
2026-10-01,FOCUS,Low volume (ignore),0,54.3,54.3,52.09,72.0,79.5,87.0
2026-10-01,FOODSIN,Low volume (ignore),27,49.39,54.42,48.98,59.7,64.98,70.25
2026-10-01,FORCEMOT,Neutral,40,16800.0,17550.0,16258.17,18339.0,19128.0,19917.0
2026-10-01,FORTIS,Distribution,24,785.0,785.0,722.99,941.9,1005.25,1068.6
2026-10-01,FOSECOIND,Neutral,40,6382.5,6382.5,5835.03,7389.5,8455.75,9522.0
2026-10-01,FRACTAL,Distribution,21,727.35,727.35,687.05,873.9,943.35,1012.8
2026-10-01,FRONTSP,Accumulation,66,1415.6,1302.57,1172.31,1569.8,1779.45,1989.1
2026-10-01,FSL,Neutral,37,250.4,269.32,242.39,292.0,314.68,337.35
2026-10-01,FUSION,Neutral,43,171.36,188.27,169.45,208.2,228.12,248.05
2026-10-01,GABRIEL,Neutral,30,1315.0,1381.6,1243.44,1495.0,1608.4,1721.8
2026-10-01,GAEL,Distribution,20,157.69,168.81,151.93,184.99,201.17,217.34
2026-10-01,GAIL,Low volume (ignore),24,171.22,172.97,163.38,177.5,182.03,186.57
2026-10-01,GALAPREC,Accumulation,59,1157.8,1079.95,971.96,1190.9,1301.85,1412.8
2026-10-01,GALAXYSURF,Strong Accumulation,72,2376.9,2247.7,2022.93,2416.7,2585.7,2754.7
2026-10-01,GALLANTT,Distribution,20,530.15,560.0,505.37,599.0,638.0,677.0
2026-10-01,GANDHAR,Accumulation,61,282.6,279.39,257.04,293.36,309.21,325.06
2026-10-01,GANDHITUBE,Strong Accumulation,81,975.55,948.3,853.47,1046.6,1144.9,1243.2
2026-10-01,GANECOS,Distribution,20,976.2,1019.75,917.77,1107.0,1194.25,1281.5
2026-10-01,GANESHBE,Low volume (ignore),10,124.4,124.4,114.46,143.0,157.99,172.97
2026-10-01,GANESHCP,Neutral,40,148.85,148.85,142.35,180.0,194.0,208.0
2026-10-01,GANESHHOU,Distribution,25,699.1,699.1,674.15,845.0,916.33,987.65
2026-10-01,GANGAFORGE,Distribution,25,1.48,1.48,1.33,2.15,2.55,2.95
2026-10-01,GANGESSECU,Neutral,30,113.99,119.12,108.64,126.25,133.38,140.5
2026-10-01,GARFIBRES,Distribution,24,768.4,798.5,722.65,852.0,905.5,959.0
2026-10-01,GARUDA,Accumulation,58,172.18,184.54,166.09,198.39,212.23,226.08
2026-10-01,GATECH,Low volume (ignore),10,0.65,0.65,0.62,1.11,1.35,1.58
2026-10-01,GATECHDVR,Low volume (ignore),10,0.46,0.46,0.45,0.58,0.64,0.7
2026-10-01,GATEWAY,Low volume (ignore),20,51.88,53.53,49.88,55.63,57.73,59.84
2026-10-01,GAUDIUMIVF,Neutral,45,109.48,121.5,109.35,133.89,146.27,158.66
2026-10-01,GAYAHWS,Distribution,26,1.72,1.72,1.66,2.18,2.41,2.64
2026-10-01,GAYAPROJ,Strong Accumulation,81,22.44,22.44,20.66,27.33,30.82,34.31
2026-10-01,GCSL,Accumulation,56,679.9,625.08,562.57,671.0,771.5,872.0
2026-10-01,GEECEE,Low volume (ignore),20,373.3,360.68,324.61,387.3,413.93,440.55
2026-10-01,GEEKAYWIRE,Accumulation,57,29.21,29.21,26.44,35.0,41.41,47.82
2026-10-01,GEMAROMA,Neutral,41,155.28,164.82,148.34,182.0,199.18,216.35
2026-10-01,GENCON,Neutral,38,40.75,40.29,36.26,47.85,53.53,59.2
2026-10-01,GENESYS,Accumulation,50,281.35,276.01,248.41,323.23,396.07,468.91
2026-10-01,GENUSPAPER,Neutral,30,10.53,10.53,9.48,14.2,16.67,19.15
2026-10-01,GENUSPOWER,Distribution,0,280.0,280.0,264.42,353.5,385.25,417.0
2026-10-01,GEOJITFSL,Distribution,20,75.7,80.93,73.1,86.5,92.07,97.64
2026-10-01,GESHIP,Strong Accumulation,79,1530.6,1436.75,1293.08,1582.0,1727.25,1872.5
2026-10-01,GFLLIMITED,Accumulation,57,55.23,58.74,52.87,63.99,69.24,74.49
2026-10-01,GFSTEELS,Accumulation,51,38.29,25.43,22.88,35.77,46.85,57.93
2026-10-01,GHCL,Distribution,20,401.75,427.0,384.3,458.0,489.0,520.0
2026-10-01,GHCLTEXTIL,Neutral,30,129.22,130.81,117.73,144.59,158.37,172.15
2026-10-01,GICHSGFIN,Neutral,30,132.88,140.5,128.65,148.38,156.25,164.13
2026-10-01,GICL,Low volume (ignore),14,22.27,22.27,21.04,25.4,26.95,28.5
2026-10-01,GICRE,Neutral,48,323.9,341.0,309.43,363.0,385.0,407.0
2026-10-01,GILLANDERS,Strong Accumulation,73,112.72,105.59,95.64,114.0,126.0,138.0
2026-10-01,GILLETTE,Accumulation,60,6899.0,7226.25,6663.9,7582.5,7938.75,8295.0
2026-10-01,GILT10BETA,Neutral,40,25.99,26.55,24.73,27.6,28.65,29.7
2026-10-01,GILT5BETA,Neutral,46,66.51,67.14,63.32,69.0,70.86,72.72
2026-10-01,GINNIFILA,Low volume (ignore),20,40.08,42.77,38.5,46.0,49.23,52.45
2026-10-01,GIPCL,Low volume (ignore),20,174.83,174.83,165.87,211.71,233.94,256.18
2026-10-01,GKENERGY,Low volume (ignore),20,114.76,114.76,109.72,144.35,157.42,170.5
2026-10-01,GKSL,Strong Accumulation,70,194.27,187.92,172.89,197.32,215.74,234.15
2026-10-01,GKWLIMITED,Strong Accumulation,80,1530.0,1565.4,1456.75,1629.0,1692.6,1756.2
2026-10-01,GLAND,Neutral,45,2874.4,2909.05,2692.82,3042.0,3174.95,3307.9
2026-10-01,GLAXO,Neutral,45,2771.1,2938.3,2673.22,3120.7,3303.1,3485.5
2026-10-01,GLENMARK,Accumulation,70,2331.0,2394.85,2184.54,2537.6,2680.35,2823.1
2026-10-01,GLFL,Accumulation,73,5.49,5.29,4.76,6.17,6.87,7.56
2026-10-01,GLOBAL,Strong Accumulation,75,136.51,129.1,116.19,143.0,162.3,181.6
2026-10-01,GLOBALE,Accumulation,62,10.57,11.26,10.13,12.25,13.24,14.23
2026-10-01,GLOBALVECT,Distribution,20,131.04,131.04,119.31,154.95,170.92,186.9
2026-10-01,GLOBE,Accumulation,60,2.11,2.01,1.81,2.48,2.84,3.21
2026-10-01,GLOBECIVIL,Neutral,35,41.49,45.24,40.72,49.48,53.72,57.96
2026-10-01,GLOBUSSPR,Distribution,4,786.9,786.9,751.75,928.05,991.52,1055.0
2026-10-01,GLOSTERLTD,Neutral,35,539.0,582.6,524.34,629.0,675.4,721.8
2026-10-01,GLOTTIS,Accumulation,72,58.41,63.11,56.8,69.72,76.33,82.94
2026-10-01,GMBREW,Accumulation,59,952.0,919.65,827.68,986.75,1053.85,1120.95
2026-10-01,GMDCLTD,Low volume (ignore),14,487.65,487.65,465.41,601.0,646.48,691.95
2026-10-01,GMMPFAUDLR,Strong Accumulation,71,1443.4,1371.91,1234.72,1533.6,1809.9,2086.2
2026-10-01,GMRAIRPORT,Neutral,33,93.16,97.69,89.23,103.38,109.07,114.77
2026-10-01,GMRP&UI,Strong Accumulation,81,101.87,95.21,85.69,103.62,112.03,120.44
2026-10-01,GNA,Neutral,43,580.7,565.52,508.97,648.0,719.9,791.8
2026-10-01,GNFC,Strong Accumulation,76,589.15,582.4,524.16,636.0,689.6,743.2
2026-10-01,GNRL,Accumulation,55,97.18,97.18,92.15,119.4,132.0,144.59
2026-10-01,GOACARBON,Accumulation,58,402.9,398.92,359.03,484.0,552.5,621.0
2026-10-01,GOCLCORP,Neutral,43,351.65,351.65,333.49,461.4,512.22,563.05
2026-10-01,GOCOLORS,Distribution,21,294.95,294.95,280.77,363.0,395.5,428.0
2026-10-01,GODAVARIB,Low volume (ignore),27,227.18,241.44,217.29,258.87,276.31,293.74
2026-10-01,GODFRYPHLP,Distribution,4,1849.7,1849.7,1775.1,2163.9,2314.85,2465.8
2026-10-01,GODIGIT,Accumulation,64,256.3,249.32,224.7,267.0,284.68,302.35
2026-10-01,GODREJAGRO,Accumulation,58,631.9,632.5,569.25,698.4,764.3,830.2
2026-10-01,GODREJCP,Distribution,4,840.0,840.0,812.86,948.0,997.0,1046.0
2026-10-01,GODREJIND,Distribution,4,1019.6,1019.6,955.64,1250.0,1349.5,1449.0
2026-10-01,GODREJPROP,Distribution,6,1595.8,1595.8,1519.6,2095.0,2325.3,2555.6
2026-10-01,GOKEX,Neutral,37,688.75,737.95,664.16,809.9,881.85,953.8
2026-10-01,GOKUL,Distribution,4,38.66,38.66,36.9,46.8,50.82,54.85
2026-10-01,GOKULAGRO,Distribution,15,210.1,210.1,200.79,259.8,283.54,307.28
2026-10-01,GOODLUCK,Accumulation,66,499.35,499.35,451.05,1477.0,2000.45,2523.9
2026-10-01,GOODYEAR,Distribution,10,694.3,694.3,669.3,780.0,821.23,862.45
2026-10-01,GOPAL,Accumulation,58,254.75,268.65,241.78,289.7,310.75,331.8
2026-10-01,GOYALALUM,Distribution,27,5.91,5.92,5.33,6.55,7.17,7.8
2026-10-01,GPIL,Distribution,14,215.67,215.67,204.11,255.0,272.45,289.9
2026-10-01,GPPL,Distribution,20,165.88,165.73,152.93,173.8,181.87,189.94
2026-10-01,GPTHEALTH,Low volume (ignore),27,151.47,159.75,144.15,170.9,182.05,193.19
2026-10-01,GPTINFRA,Strong Accumulation,70,118.66,114.86,103.38,123.32,131.77,140.23
2026-10-01,GRADIENTE,Distribution,10,2.36,2.36,2.12,3.04,3.58,4.13
2026-10-01,GRANDOAK,Neutral,38,34.8,36.21,32.59,39.85,43.49,47.13
2026-10-01,GRANULES,Accumulation,64,821.75,869.83,791.52,923.65,977.47,1031.3
2026-10-01,GRAPHITE,Accumulation,60,786.15,786.15,707.54,874.35,972.28,1070.2
2026-10-01,GRASIM,Low volume (ignore),27,2962.0,2962.0,2856.07,3371.0,3512.0,3653.0
2026-10-01,GRAUWEIL,Strong Accumulation,71,81.8,79.14,71.22,88.75,100.62,112.5
2026-10-01,GRAVISSHO,Accumulation,56,32.0,32.0,28.8,49.9,60.9,71.9
2026-10-01,GRAVITA,Distribution,14,1412.6,1412.6,1346.36,1858.5,2067.2,2275.9
2026-10-01,GREAVESCOT,Accumulation,50,225.98,205.02,184.52,238.3,268.1,297.89
2026-10-01,GREENLAM,Neutral,30,213.62,233.95,210.56,256.95,279.95,302.95
2026-10-01,GREENPANEL,Accumulation,58,158.59,162.52,146.27,176.54,190.56,204.57
2026-10-01,GREENPLY,Accumulation,68,303.7,292.48,264.28,312.5,332.52,352.55
2026-10-01,GREENPOWER,Neutral,34,8.77,9.54,8.58,10.49,11.45,12.4
2026-10-01,GRINDWELL,Neutral,37,1975.8,1951.45,1759.19,2089.3,2227.15,2365.0
2026-10-01,GRINFRA,Distribution,20,790.2,852.08,766.87,915.0,977.92,1040.85
2026-10-01,GRMOVER,Distribution,0,77.87,77.87,74.69,92.29,99.38,106.47
2026-10-01,GROBTEA,Distribution,24,878.5,952.0,856.8,1054.0,1156.0,1258.0
2026-10-01,GROWW,Neutral,36,180.11,192.28,173.97,205.21,218.14,231.07
2026-10-01,GROWWCAPM,Distribution,11,10.67,10.67,10.22,11.69,12.19,12.69
2026-10-01,GROWWCHEM,Accumulation,60,28.36,29.63,27.44,30.98,32.33,33.67
2026-10-01,GROWWDEFNC,Neutral,37,91.65,95.12,86.55,101.0,106.88,112.77
2026-10-01,GROWWEV,Distribution,10,30.05,30.05,28.7,34.48,36.64,38.81
2026-10-01,GROWWHOSPI,Distribution,10,47.85,47.85,44.91,53.91,55.7,57.5
2026-10-01,GROWWLIQID,Accumulation,69,111.01,111.01,106.03,112.71,114.41,116.11
2026-10-01,GROWWLOVOL,Distribution,10,9.82,9.82,9.36,10.63,11.02,11.41
2026-10-01,GROWWMC150,Neutral,34,217.92,228.54,209.62,240.98,253.42,265.86
2026-10-01,GROWWMETAL,Neutral,34,11.95,12.41,11.3,13.17,13.93,14.69
2026-10-01,GROWWMOM50,Neutral,30,10.55,10.8,9.76,11.55,12.3,13.04
2026-10-01,GROWWN200,Distribution,20,10.64,11.17,10.25,11.77,12.37,12.97
2026-10-01,GROWWNET,Neutral,47,9.84,9.84,9.4,11.57,12.41,13.25
2026-10-01,GROWWNXT50,Neutral,41,70.94,72.62,67.66,75.48,78.34,81.21
2026-10-01,GROWWPOWER,Accumulation,58,10.84,11.14,10.38,11.59,12.04,12.48
2026-10-01,GROWWPSE,Neutral,30,93.62,97.17,90.57,100.97,104.77,108.57
2026-10-01,GROWWPSUBK,Neutral,34,80.03,83.71,77.05,87.98,92.25,96.53
2026-10-01,GROWWRAIL,Neutral,44,26.1,27.5,25.12,29.11,30.71,32.32
2026-10-01,GROWWRLTY,Neutral,40,9.37,9.76,8.78,10.47,11.18,11.89
2026-10-01,GROWWSC250,Distribution,20,10.19,10.52,9.8,10.95,11.38,11.8
2026-10-01,GROWWSLVR,Neutral,37,21.39,22.71,20.72,24.07,25.43,26.78
2026-10-01,GRPLTD,Accumulation,50,1895.0,1992.75,1828.93,2100.0,2207.25,2314.5
2026-10-01,GRSE,Distribution,14,2111.1,2111.1,2014.69,2677.1,2919.7,3162.3
2026-10-01,GRWRHITECH,Distribution,26,6925.5,6841.5,6157.35,7443.0,8044.5,8646.0
2026-10-01,GSFC,Neutral,34,146.9,146.9,140.84,165.85,175.2,184.55
2026-10-01,GSLSU,Neutral,36,29.96,29.34,26.41,38.35,45.3,52.25
2026-10-01,GSPCROP,Distribution,6,454.35,454.35,438.44,667.95,769.45,870.95
2026-10-01,GSS,Neutral,45,10.33,10.33,9.31,13.5,15.45,17.4
2026-10-01,GTECJAINX,Accumulation,65,35.88,30.6,28.15,32.13,34.96,37.78
2026-10-01,GTL,Neutral,30,6.82,7.18,6.46,7.7,8.22,8.75
2026-10-01,GTLINFRA,Neutral,34,1.07,1.17,1.05,1.27,1.37,1.47
2026-10-01,GTPL,Accumulation,55,55.39,57.42,51.68,61.59,65.76,69.93
2026-10-01,GUFICBIO,Accumulation,51,418.4,431.43,388.28,467.8,504.18,540.55
2026-10-01,GUJALKALI,Distribution,14,603.6,603.6,572.3,760.0,839.17,918.35
2026-10-01,GUJAPOLLO,Accumulation,50,324.85,344.68,311.71,368.0,391.32,414.65
2026-10-01,GUJENERGY,Accumulation,59,230.07,251.15,226.03,272.9,294.65,316.4
2026-10-01,GUJRAFFIA,Neutral,45,40.27,41.23,37.83,43.45,45.68,47.9
2026-10-01,GUJTHEM,Neutral,46,381.8,381.8,357.54,470.05,523.08,576.1
2026-10-01,GULFOILLUB,Distribution,26,1093.0,1092.1,982.89,1173.9,1255.7,1337.5
2026-10-01,GULFPETRO,Low volume (ignore),20,62.45,64.68,58.21,71.4,78.12,84.84
2026-10-01,GULPOLY,Distribution,10,161.75,161.75,154.09,202.2,222.3,242.4
2026-10-01,GVKPIL,Low volume (ignore),10,2.51,2.37,2.13,2.69,3.01,3.34
2026-10-01,GVPIL,Neutral,33,679.5,654.83,589.34,711.9,768.97,826.05
2026-10-01,GVPTECH,Neutral,30,7.75,7.75,6.98,9.39,10.79,12.18
2026-10-01,GVT&D,Neutral,33,4253.2,4425.0,3982.5,4825.0,5225.0,5625.0
2026-10-01,HAL,Neutral,30,4601.0,4823.35,4412.82,5097.4,5371.45,5645.5
2026-10-01,HALDER,Neutral,32,232.73,232.73,220.77,310.0,350.4,390.8
2026-10-01,HALDYNGL,Accumulation,65,146.05,144.5,130.05,159.0,173.5,188.0
2026-10-01,HALEOSLABS,Accumulation,76,1490.0,1502.75,1393.89,1568.5,1634.25,1700.0
2026-10-01,HAPPSTMNDS,Distribution,14,304.7,304.7,291.0,457.3,534.3,611.3
2026-10-01,HAPPYFORGE,Neutral,35,2003.7,2003.7,1902.17,2470.0,2724.5,2979.0
2026-10-01,HARDWYN,Neutral,31,9.19,9.15,8.23,9.54,10.5,11.47
2026-10-01,HARIOMPIPE,Low volume (ignore),10,332.35,332.35,315.98,378.0,400.75,423.5
2026-10-01,HARRMALAYA,Low volume (ignore),20,179.67,179.67,161.7,208.52,230.0,251.49
2026-10-01,HARSHA,Accumulation,55,474.5,479.18,440.85,503.14,537.62,572.09
2026-10-01,HATHWAY,Neutral,41,9.32,10.16,9.14,11.1,12.04,12.99
2026-10-01,HATSUN,Neutral,36,1118.1,1118.1,1045.95,1349.7,1560.78,1771.85
2026-10-01,HAVELLS,Distribution,10,1040.0,1040.0,984.65,1299.1,1427.0,1554.9
2026-10-01,HAVISHA,Accumulation,53,1.35,1.35,1.21,1.64,1.84,2.05
2026-10-01,HAWKINCOOK,Strong Accumulation,70,8026.0,8245.5,7615.47,8640.0,9034.5,9429.0
2026-10-01,HBESD,Low volume (ignore),17,65.11,65.11,58.6,81.99,92.73,103.47
2026-10-01,HBLENGINE,Accumulation,60,779.35,747.08,672.37,829.9,920.85,1011.8
2026-10-01,HBSL,Accumulation,59,57.03,55.08,49.57,59.61,64.14,68.67
2026-10-01,HCC,Distribution,10,20.23,20.23,19.28,26.03,29.05,32.07
2026-10-01,HCG,Neutral,34,668.75,709.98,638.98,775.0,840.02,905.05
2026-10-01,HCL-INSYS,Accumulation,60,10.04,10.65,9.6,11.4,12.15,12.9
2026-10-01,HCLTECH,Neutral,30,1243.1,1281.85,1159.83,1368.0,1454.15,1540.3
2026-10-01,HDBFS,Low volume (ignore),10,618.2,618.2,584.52,712.1,754.92,797.75
2026-10-01,HDFCAMC,Neutral,34,2308.1,2460.65,2214.59,2698.0,2935.35,3172.7
2026-10-01,HDFCBANK,Neutral,47,721.2,715.6,661.44,749.3,783.0,816.7
2026-10-01,HDFCBSE500,Accumulation,50,35.41,36.93,34.31,38.49,40.05,41.61
2026-10-01,HDFCGROWTH,Distribution,0,109.96,109.96,104.79,121.98,127.34,132.7
2026-10-01,HDFCLIFE,Low volume (ignore),27,534.2,538.05,493.44,567.4,596.75,626.1
2026-10-01,HDFCLOWVOL,Distribution,14,19.15,19.15,18.43,21.29,22.25,23.21
2026-10-01,HDFCMID150,Distribution,17,21.95,21.95,21.02,24.36,25.51,26.66
2026-10-01,HDFCMOMENT,Accumulation,55,30.11,30.7,28.61,31.9,33.1,34.31
2026-10-01,HDFCNEXT50,Distribution,0,70.5,70.5,67.73,76.69,79.67,82.65
2026-10-01,HDFCNIF100,Neutral,40,24.75,25.62,23.79,26.72,27.81,28.91
2026-10-01,HDFCNIFBAN,Distribution,20,56.2,58.05,53.75,60.7,63.35,65.99
2026-10-01,HDFCNIFIT,Neutral,30,29.87,31.67,28.57,33.9,36.12,38.35
2026-10-01,HDFCPSUBK,Low volume (ignore),26,80.52,84.38,77.85,88.5,92.62,96.74
2026-10-01,HDFCPVTBAN,Neutral,43,27.37,27.88,25.87,29.09,30.3,31.51
2026-10-01,HDFCQUAL,Distribution,0,54.86,54.86,52.64,59.89,62.12,64.36
2026-10-01,HDFCSENSEX,Neutral,44,81.84,84.38,76.09,90.33,96.28,102.22
2026-10-01,HDFCSML250,Neutral,30,177.81,182.91,171.21,189.3,195.7,202.09
2026-10-01,HDFCVALUE,Accumulation,50,118.11,122.82,113.93,128.2,133.57,138.95
2026-10-01,HEADSUP,Distribution,20,6.4,6.94,6.25,7.67,8.4,9.13
2026-10-01,HEALTHADD,Low volume (ignore),26,16.21,17.12,15.55,18.2,19.28,20.37
2026-10-01,HEALTHAXIS,Distribution,16,163.58,163.58,157.11,190.0,202.78,215.56
2026-10-01,HEALTHCARE,Neutral,33,21.02,21.53,19.38,23.8,26.07,28.34
2026-10-01,HEALTHX,Distribution,15,273.0,273.0,262.09,319.7,342.05,364.4
2026-10-01,HEALTHY,Neutral,34,16.47,16.47,15.85,17.79,18.38,18.98
2026-10-01,HECPROJECT,Accumulation,51,111.86,111.86,107.19,140.2,155.05,169.9
2026-10-01,HEG,Neutral,30,248.5,248.5,223.65,753.9,1023.8,1293.7
2026-10-01,HEIDELBERG,Neutral,40,130.57,130.57,124.6,162.75,179.62,196.49
2026-10-01,HEMIPROP,Distribution,14,111.5,111.5,106.52,133.88,144.26,154.65
2026-10-01,HERANBA,Neutral,41,172.12,172.12,156.21,198.9,219.24,239.57
2026-10-01,HERITGFOOD,Strong Accumulation,75,402.9,389.6,350.64,429.9,470.2,510.5
2026-10-01,HEROMOTOCO,Neutral,34,5168.0,5453.25,5011.02,5740.5,6027.75,6315.0
2026-10-01,HESTERBIO,Low volume (ignore),24,2126.8,2333.05,2099.75,2540.9,2748.75,2956.6
2026-10-01,HEXAGON,Low volume (ignore),20,68.8,67.28,60.62,72.05,76.82,81.6
2026-10-01,HEXATRADEX,Neutral,46,154.96,163.0,149.38,172.0,181.0,190.0
2026-10-01,HEXT,Distribution,24,490.45,525.55,472.99,574.85,624.15,673.45
2026-10-01,HFCL,Distribution,10,238.36,224.02,201.62,256.7,285.55,314.4
2026-10-01,HGINFRA,Neutral,43,419.9,419.9,396.73,521.0,564.0,607.0
2026-10-01,HGM,Accumulation,50,40.36,40.36,38.61,54.2,61.3,68.4
2026-10-01,HGS,Neutral,30,367.05,389.27,352.74,414.9,440.52,466.15
2026-10-01,HIKAL,Strong Accumulation,71,218.14,218.14,196.33,257.0,288.0,319.0
2026-10-01,HILINFRA,Accumulation,78,45.06,43.8,39.42,47.49,51.19,54.88
2026-10-01,HILTON,Accumulation,55,16.86,16.86,15.58,20.75,23.05,25.34
2026-10-01,HIMATSEIDE,Low volume (ignore),27,64.15,68.04,61.24,74.99,81.94,88.89
2026-10-01,HINDALCO,Low volume (ignore),20,941.85,941.85,895.79,1061.8,1119.15,1176.5
2026-10-01,HINDCOMPOS,Neutral,41,380.8,398.8,358.92,432.5,466.2,499.9
2026-10-01,HINDCON,Strong Accumulation,86,33.3,26.11,23.5,33.39,39.64,45.88
2026-10-01,HINDCOPPER,Distribution,4,462.15,462.15,436.5,586.75,645.12,703.5
2026-10-01,HINDOILEXP,Accumulation,60,167.31,167.31,159.56,201.44,225.13,248.83
2026-10-01,HINDPETRO,Neutral,42,345.0,359.45,327.08,381.7,403.95,426.2
2026-10-01,HINDUNILVR,Distribution,4,1836.0,1836.0,1772.09,2051.9,2145.95,2240.0
2026-10-01,HINDWAREAP,Distribution,24,170.53,184.2,165.78,203.41,222.62,241.82
2026-10-01,HINDZINC,Low volume (ignore),10,555.05,555.05,530.78,632.0,667.55,703.1
2026-10-01,HIRECT,Distribution,10,1123.8,1123.8,1069.42,1329.5,1418.9,1508.3
2026-10-01,HISARMETAL,Distribution,14,146.92,146.92,139.78,168.94,179.41,189.88
2026-10-01,HITECH,Neutral,40,71.42,76.85,69.17,82.97,89.09,95.2
2026-10-01,HITECHCORP,Low volume (ignore),20,340.25,332.75,310.88,345.0,357.25,369.5
2026-10-01,HITECHGEAR,Low volume (ignore),10,601.75,575.49,517.94,680.9,758.35,835.8
2026-10-01,HLEGLAS,Accumulation,52,442.05,405.31,364.78,483.4,570.0,656.6
2026-10-01,HLVLTD,Low volume (ignore),24,6.31,6.58,5.97,7.0,7.42,7.85
2026-10-01,HMAAGRO,Neutral,40,23.47,22.48,20.23,25.5,28.7,31.91
2026-10-01,HMVL,Low volume (ignore),10,77.44,77.44,69.7,95.0,108.44,121.89
2026-10-01,HNDFDS,Distribution,11,574.6,574.6,550.28,672.0,719.5,767.0
2026-10-01,HOMEFIRST,Strong Accumulation,81,1125.7,1165.55,1049.0,1273.9,1382.25,1490.6
2026-10-01,HONASA,Neutral,30,427.9,427.9,401.43,493.5,520.6,547.7
2026-10-01,HONAUT,Accumulation,56,33470.0,35195.0,32204.0,37190.0,39185.0,41180.0
2026-10-01,HONDAPOWER,Distribution,24,1886.3,1973.05,1775.74,2118.0,2262.95,2407.9
2026-10-01,HPAL,Accumulation,50,33.81,36.71,33.04,39.82,42.93,46.04
2026-10-01,HPIL,Distribution,24,114.44,126.8,114.12,139.2,151.6,164.0
2026-10-01,HPL,Neutral,30,267.2,295.82,266.24,325.0,354.18,383.35
2026-10-01,HSCL,Neutral,43,665.15,700.05,630.04,767.6,835.15,902.7
2026-10-01,HTMEDIA,Distribution,15,22.38,22.38,21.53,28.25,31.12,33.98
2026-10-01,HUBTOWN,Low volume (ignore),20,177.42,185.62,167.06,205.7,225.77,245.85
2026-10-01,HUDCO,Distribution,10,161.54,161.54,154.72,189.99,202.99,215.98
2026-10-01,HUHTAMAKI,Low volume (ignore),24,232.72,255.05,229.55,279.0,302.95,326.9
2026-10-01,HYBRIDFIN,Neutral,45,17.36,17.27,15.71,18.35,19.43,20.5
2026-10-01,HYUNDAI,Neutral,40,2024.0,2145.3,1949.31,2281.0,2416.7,2552.4
2026-10-01,IBULLSLTD,Accumulation,62,29.43,27.97,25.17,31.43,35.0,38.57
2026-10-01,ICDSLTD,Accumulation,50,46.5,46.5,45.05,77.69,96.78,115.88
2026-10-01,ICEMAKE,Distribution,10,623.65,623.65,583.94,760.0,823.67,887.35
2026-10-01,ICICIAMC,Accumulation,55,3084.4,3123.4,2845.3,3313.5,3503.6,3693.7
2026-10-01,ICICIB22,Neutral,46,108.91,108.91,104.36,117.4,121.45,125.49
2026-10-01,ICICIBANK,Neutral,34,1310.6,1372.5,1252.27,1454.0,1535.5,1617.0
2026-10-01,ICICIGI,Neutral,34,1563.0,1536.55,1382.89,1650.0,1763.45,1876.9
2026-10-01,ICICIPRULI,Distribution,26,448.05,484.35,435.92,525.75,567.15,608.55
2026-10-01,ICIL,Neutral,33,443.65,447.0,402.3,485.95,524.9,563.85
2026-10-01,ICRA,Distribution,24,4318.3,4723.85,4251.47,5173.7,5623.55,6073.4
2026-10-01,IDBI,Accumulation,56,86.57,87.65,78.89,96.25,104.85,113.45
2026-10-01,IDEA,Accumulation,51,12.64,12.64,12.12,15.79,17.05,18.32
2026-10-01,IDEAFORGE,Accumulation,65,735.0,765.0,688.5,846.0,927.0,1008.0
2026-10-01,IDFCFIRSTB,Accumulation,54,80.39,84.1,76.24,89.61,95.12,100.62
2026-10-01,IEX,Distribution,4,105.98,105.98,101.05,125.05,134.4,143.75
2026-10-01,IFBAGRO,Accumulation,61,866.95,938.5,844.65,1035.0,1131.5,1228.0
2026-10-01,IFBIND,Distribution,0,1166.2,1166.2,1117.54,1420.0,1530.5,1641.0
2026-10-01,IFCI,Neutral,30,65.14,65.14,62.32,107.5,126.48,145.47
2026-10-01,IFGLEXPOR,Distribution,24,189.57,206.44,185.8,225.98,245.51,265.05
2026-10-01,IGARASHI,Low volume (ignore),20,398.95,398.95,375.44,476.9,514.32,551.75
2026-10-01,IGCL,Distribution,14,54.62,54.62,50.17,74.8,83.95,93.1
2026-10-01,IGIL,Neutral,33,311.95,328.27,297.84,349.5,370.73,391.95
2026-10-01,IGL,Neutral,34,142.79,149.35,135.02,159.5,169.65,179.8
2026-10-01,IGPL,Low volume (ignore),24,569.55,565.22,508.7,609.9,680.35,750.8
2026-10-01,IIFL,Neutral,40,583.8,636.2,572.58,705.0,773.8,842.6
2026-10-01,IIFLCAPS,Accumulation,68,345.6,344.65,322.91,356.4,368.15,379.9
2026-10-01,IITL,Distribution,21,132.56,132.56,120.13,164.46,184.77,205.07
2026-10-01,IKIO,Neutral,40,190.96,190.96,181.17,238.8,265.7,292.6
2026-10-01,IKS,Accumulation,69,1776.4,1841.05,1660.74,1970.0,2098.95,2227.9
2026-10-01,IMAGICAA,Low volume (ignore),23,50.7,50.7,47.77,62.0,69.39,76.79
2026-10-01,IMFA,Distribution,20,1176.8,1176.8,1113.56,1482.0,1630.95,1779.9
2026-10-01,IMPAL,Distribution,4,1009.1,1009.1,968.35,1180.2,1252.65,1325.1
2026-10-01,INA,Neutral,41,87.02,91.25,82.12,98.29,105.34,112.38
2026-10-01,INCREDIBLE,Neutral,33,31.37,33.31,29.98,36.12,38.92,41.73
2026-10-01,INDBANK,Neutral,30,25.2,25.2,23.48,32.89,37.23,41.57
2026-10-01,INDGN,Low volume (ignore),26,593.5,592.12,540.53,627.0,661.88,696.75
2026-10-01,INDHOTEL,Strong Accumulation,80,718.0,728.27,680.5,755.0,781.73,808.45
2026-10-01,INDIACEM,Distribution,10,295.15,295.15,281.54,379.5,418.23,456.95
2026-10-01,INDIAGLYCO,Neutral,44,298.8,281.27,253.14,1219.0,1720.0,2221.0
2026-10-01,INDIAMART,Distribution,20,1620.3,1687.5,1552.0,1775.0,1862.5,1950.0
2026-10-01,INDIANB,Distribution,4,793.15,793.15,763.24,906.7,962.68,1018.65
2026-10-01,INDIANCARD,Distribution,24,188.37,204.0,183.6,225.01,246.01,267.02
2026-10-01,INDIANHUME,Distribution,24,346.1,376.88,339.19,412.5,448.12,483.75
2026-10-01,INDIASHLTR,Distribution,20,645.6,654.42,601.55,688.7,722.98,757.25
2026-10-01,INDIGO,Distribution,24,4929.9,4990.75,4560.45,5280.0,5569.25,5858.5
2026-10-01,INDIGOPNTS,Low volume (ignore),26,1053.5,1128.1,1015.78,1209.0,1289.9,1370.8
2026-10-01,INDIQUBE,Neutral,45,197.49,196.45,177.52,209.9,223.35,236.79
2026-10-01,INDNIPPON,Accumulation,60,1224.4,1224.4,1101.96,1564.0,1828.95,2093.9
2026-10-01,INDOAMIN,Accumulation,55,136.52,130.98,117.88,152.65,170.12,187.6
2026-10-01,INDOBORAX,Low volume (ignore),28,469.5,469.5,422.55,542.8,598.7,654.6
2026-10-01,INDOCO,Accumulation,65,251.75,251.75,226.58,287.8,323.7,359.6
2026-10-01,INDOFARM,Accumulation,55,131.77,140.09,126.1,150.19,160.28,170.38
2026-10-01,INDORAMA,Accumulation,65,95.81,90.31,81.28,112.3,140.44,168.58
2026-10-01,INDOSTAR,Distribution,4,206.35,206.35,193.84,264.75,293.12,321.5
2026-10-01,INDOTECH,Accumulation,61,3347.6,3347.6,3012.84,4030.0,4519.95,5009.9
2026-10-01,INDOTHAI,Accumulation,50,35.19,35.19,31.67,62.8,79.7,96.6
2026-10-01,INDOUS,Low volume (ignore),26,76.75,76.75,69.08,89.0,98.5,108.0
2026-10-01,INDOWIND,Accumulation,59,8.44,8.95,8.15,9.49,10.04,10.58
2026-10-01,INDPRUD,Neutral,40,6255.5,6250.0,5868.5,6450.0,6650.0,6850.0
2026-10-01,INDRAMEDCO,Distribution,28,338.6,338.6,325.44,379.95,397.88,415.8
2026-10-01,INDSWFTLAB,Neutral,35,395.15,386.6,347.94,419.8,471.39,522.99
2026-10-01,INDTERRAIN,Neutral,33,29.22,30.8,27.72,33.61,36.41,39.22
2026-10-01,INDUSINDBK,Accumulation,59,886.85,950.0,855.0,1022.0,1094.0,1166.0
2026-10-01,INDUSTOWER,Accumulation,59,376.25,373.2,344.88,390.85,408.5,426.15
2026-10-01,INFOBEAN,Distribution,20,143.58,143.58,137.54,183.0,203.38,223.75
2026-10-01,INFOMEDIA,Neutral,47,5.32,5.4,4.86,5.98,6.56,7.14
2026-10-01,INFRA,Neutral,37,11.4,12.03,11.05,12.67,13.31,13.95
2026-10-01,INFY,Neutral,34,1035.0,1068.2,961.38,1156.0,1243.8,1331.6
2026-10-01,INGERRAND,Distribution,20,4158.8,4538.1,4084.29,4955.0,5371.9,5788.8
2026-10-01,INNOVACAP,Neutral,47,1168.0,1168.0,1051.2,1353.5,1524.75,1696.0
2026-10-01,INNOVANA,Accumulation,54,290.2,311.5,280.35,339.9,368.3,396.7
2026-10-01,INNOVISION,Neutral,45,253.0,271.45,244.31,296.7,321.95,347.2
2026-10-01,INOXGREEN,Accumulation,62,159.0,169.12,153.97,179.5,189.88,200.27
2026-10-01,INOXINDIA,Accumulation,50,2168.3,2109.9,1898.91,2339.5,2569.1,2798.7
2026-10-01,INOXWIND,Accumulation,62,68.75,73.44,66.1,78.89,84.34,89.78
2026-10-01,INSECTICID,Low volume (ignore),27,568.7,604.7,547.47,645.0,685.3,725.6
2026-10-01,INSPIRISYS,Accumulation,65,83.83,87.34,78.61,96.48,105.62,114.76
2026-10-01,INTELLECT,Distribution,20,610.95,662.92,596.63,716.45,769.98,823.5
2026-10-01,INTENTECH,Accumulation,50,81.98,83.39,75.05,90.78,98.17,105.56
2026-10-01,INTERARCH,Distribution,20,1666.9,1706.5,1576.25,1788.0,1869.5,1951.0
2026-10-01,INTERNET,Neutral,30,13.2,13.2,12.66,15.8,16.95,18.1
2026-10-01,INTLCONV,Neutral,33,80.03,79.1,71.97,84.0,88.9,93.8
2026-10-01,INVENTURE,Distribution,10,0.85,0.85,0.82,0.99,1.12,1.26
2026-10-01,INVPRECQ,Low volume (ignore),20,1595.2,1557.75,1433.13,1635.64,1782.14,1928.64
2026-10-01,IOB,Distribution,21,30.38,30.38,29.17,33.64,35.2,36.77
2026-10-01,IOC,Neutral,34,131.34,136.09,127.09,141.15,146.22,151.28
2026-10-01,IOLCP,Neutral,30,209.39,202.09,181.88,219.04,249.38,279.73
2026-10-01,IONEXCHANG,Neutral,40,406.4,406.4,368.75,461.0,511.12,561.25
2026-10-01,IPCALAB,Accumulation,58,1943.2,1959.2,1823.99,2038.0,2116.8,2195.6
2026-10-01,IPL,Neutral,48,130.68,140.17,126.15,152.28,164.39,176.51
2026-10-01,IRB,Neutral,34,17.0,18.68,16.81,20.6,22.53,24.45
2026-10-01,IRCON,Neutral,40,110.25,110.25,99.22,128.0,141.2,154.4
2026-10-01,IRCTC,Neutral,30,454.1,470.75,433.1,495.0,519.25,543.5
2026-10-01,IREDA,Neutral,45,111.0,114.27,104.18,121.14,128.01,134.88
2026-10-01,IRFC,Distribution,28,77.06,77.06,74.21,87.25,92.34,97.43
2026-10-01,IRIS,Low volume (ignore),20,225.1,248.5,223.65,273.99,299.49,324.98
2026-10-01,IRISDOREME,Neutral,36,60.46,60.46,54.41,68.0,74.89,81.77
2026-10-01,IRMENERGY,Low volume (ignore),4,257.7,257.7,245.46,294.35,312.3,330.25
2026-10-01,ISFT,Accumulation,56,97.91,90.36,81.32,114.95,135.72,156.5
2026-10-01,ISGEC,Strong Accumulation,79,919.7,905.45,833.02,950.73,1026.45,1102.18
2026-10-01,ISHANCH,Neutral,49,47.3,47.3,42.57,53.4,59.24,65.09
2026-10-01,IT,Distribution,20,31.15,33.09,29.78,35.58,38.07,40.56
2026-10-01,ITADD,Accumulation,58,29.78,31.5,28.35,33.82,36.14,38.46
2026-10-01,ITAXIS,Neutral,30,309.81,326.5,295.85,348.0,369.5,391.0
2026-10-01,ITBETA,Neutral,35,297.27,311.14,282.08,331.48,351.82,372.16
2026-10-01,ITC,Neutral,34,255.9,264.73,247.83,273.95,283.17,292.4
2026-10-01,ITCHOTELS,Low volume (ignore),26,158.51,158.88,145.35,167.9,176.93,185.95
2026-10-01,ITDC,Accumulation,61,665.6,681.85,613.67,736.6,791.35,846.1
2026-10-01,ITI,Distribution,24,241.54,260.98,234.88,281.85,302.73,323.6
2026-10-01,IVALUE,Low volume (ignore),16,219.28,219.28,197.35,297.6,345.96,394.32
2026-10-01,IVC,Neutral,47,7.81,7.81,7.33,10.99,12.71,14.42
2026-10-01,IVP,Low volume (ignore),10,224.81,219.41,197.47,232.0,259.0,286.0
2026-10-01,IWP,Strong Accumulation,75,36.46,35.21,32.2,42.4,47.2,52.0
2026-10-01,IXIGO,Accumulation,63,161.9,163.15,147.93,173.79,184.43,195.07
2026-10-01,IZMO,Neutral,33,855.95,903.7,813.33,989.0,1074.3,1159.6
2026-10-01,J&KBANK,Neutral,30,139.98,145.94,133.86,153.87,161.81,169.74
2026-10-01,JAGRAN,Distribution,20,61.55,62.4,58.98,64.0,65.6,67.2
2026-10-01,JAGSNPHARM,Accumulation,55,231.73,234.41,211.28,251.0,267.6,284.19
2026-10-01,JAIBALAJI,Accumulation,59,61.72,67.61,60.84,74.2,80.8,87.39
2026-10-01,JAICORPLTD,Distribution,0,89.54,89.54,84.97,105.6,113.58,121.56
2026-10-01,JAINREC,Neutral,45,282.5,289.65,262.87,308.3,326.95,345.6
2026-10-01,JAIPURKURT,Low volume (ignore),26,26.49,25.93,23.34,27.95,29.97,31.99
2026-10-01,JAMNAAUTO,Accumulation,58,131.66,129.19,116.27,141.0,152.81,164.62
2026-10-01,JARO,Distribution,10,408.4,408.4,391.3,485.15,518.47,551.8
2026-10-01,JASH,Strong Accumulation,71,576.3,541.13,487.02,603.0,677.45,751.9
2026-10-01,JAYAGROGN,Accumulation,56,211.22,211.22,203.58,265.0,289.0,313.0
2026-10-01,JAYBARMARU,Low volume (ignore),27,130.8,130.5,120.06,137.02,147.9,158.77
2026-10-01,JAYKAY,Strong Accumulation,71,201.46,179.34,161.41,219.35,256.62,293.9
2026-10-01,JAYNECOIND,Neutral,42,91.28,95.19,85.68,105.17,115.15,125.12
2026-10-01,JAYSREETEA,Distribution,4,83.65,83.65,80.22,112.7,126.55,140.4
2026-10-01,JBCHEPHARM,Neutral,45,2408.9,2420.7,2279.89,2491.0,2561.3,2631.6
2026-10-01,JBMA,Distribution,14,544.65,544.65,517.93,685.0,747.0,809.0
2026-10-01,JGCHEM,Neutral,43,610.3,609.98,548.98,675.0,740.02,805.05
2026-10-01,JHS,Accumulation,65,11.7,8.8,7.92,10.57,12.03,13.48
2026-10-01,JINDALPHOT,Accumulation,57,1031.8,1067.2,960.48,1154.0,1240.8,1327.6
2026-10-01,JINDALPOLY,Accumulation,50,653.7,653.7,617.89,800.0,889.95,979.9
2026-10-01,JINDALSAW,Neutral,46,270.3,294.48,265.03,320.0,345.52,371.05
2026-10-01,JINDALSTEL,Low volume (ignore),24,1100.5,1127.2,1026.26,1196.4,1265.6,1334.8
2026-10-01,JINDRILL,Neutral,33,587.65,638.67,574.81,704.4,770.12,835.85
2026-10-01,JINDWORLD,Accumulation,50,45.82,45.82,41.24,61.99,75.7,89.41
2026-10-01,JIOFIN,Distribution,20,212.5,212.5,202.25,247.25,263.19,279.14
2026-10-01,JISLDVREQS,Low volume (ignore),21,18.71,18.71,17.85,23.34,25.5,27.67
2026-10-01,JISLJALEQS,Neutral,32,27.3,27.3,26.2,32.94,35.66,38.38
2026-10-01,JITFINFRA,Distribution,24,275.45,299.8,269.82,329.5,359.2,388.9
2026-10-01,JKCEMENT,Accumulation,54,4952.0,5012.5,4535.72,5349.0,5685.5,6022.0
2026-10-01,JKIL,Neutral,45,461.85,479.98,436.5,509.95,539.92,569.9
2026-10-01,JKIPL,Neutral,46,96.51,99.61,89.65,109.8,119.99,130.18
2026-10-01,JKLAKSHMI,Low volume (ignore),14,476.6,476.6,457.45,563.85,604.75,645.65
2026-10-01,JKPAPER,Neutral,44,382.6,410.65,369.58,442.0,473.35,504.7
2026-10-01,JKTYRE,Distribution,20,340.35,359.98,323.98,386.85,413.73,440.6
2026-10-01,JLHL,Distribution,24,259.85,259.85,241.14,324.0,358.9,393.8
2026-10-01,JMA,Neutral,34,87.64,94.52,85.07,103.7,112.88,122.06
2026-10-01,JMFINANCIL,Neutral,36,123.4,127.18,114.51,136.3,145.43,154.55
2026-10-01,JNKINDIA,Neutral,30,432.7,430.8,387.72,466.7,502.6,538.5
2026-10-01,JOCIL,Accumulation,56,145.22,145.22,130.7,174.0,194.6,215.2
2026-10-01,JPOLYINVST,Distribution,20,911.0,984.0,885.6,1065.0,1146.0,1227.0
2026-10-01,JPPOWER,Distribution,0,14.8,14.8,14.17,17.49,18.66,19.83
2026-10-01,JSFB,Neutral,41,482.4,482.4,451.73,606.95,671.73,736.5
2026-10-01,JSL,Strong Accumulation,79,732.7,745.02,675.17,794.0,842.98,891.95
2026-10-01,JSLL,Low volume (ignore),27,480.8,480.8,459.78,536.0,561.45,586.9
2026-10-01,JSWCEMENT,Neutral,34,111.6,119.65,107.69,128.28,136.91,145.54
2026-10-01,JSWDULUX,Accumulation,66,3020.6,3136.6,2915.04,3268.0,3399.4,3530.8
2026-10-01,JSWENERGY,Low volume (ignore),20,485.0,485.0,460.85,553.7,586.0,618.3
2026-10-01,JSWHL,Neutral,46,11258.0,11498.5,10463.39,12210.0,12921.5,13633.0
2026-10-01,JSWINFRA,Accumulation,69,357.45,346.7,312.03,375.5,404.3,433.1
2026-10-01,JSWSTEEL,Neutral,34,1233.0,1289.0,1190.19,1351.0,1413.0,1475.0
2026-10-01,JTEKTINDIA,Neutral,30,115.84,122.82,110.77,131.44,140.06,148.68
2026-10-01,JTLIND,Neutral,30,86.23,86.23,77.61,94.0,104.66,115.31
2026-10-01,JUBLCPL,Distribution,24,2037.3,2174.95,1957.45,2369.9,2564.85,2759.8
2026-10-01,JUBLFOOD,Low volume (ignore),4,443.4,443.4,424.81,527.85,561.68,595.5
2026-10-01,JUBLINGREA,Distribution,20,638.0,670.75,603.68,729.5,788.25,847.0
2026-10-01,JUBLPHARMA,Neutral,45,999.3,999.3,899.37,1091.85,1205.85,1319.85
2026-10-01,JUNIPER,Low volume (ignore),20,214.99,214.0,192.6,233.99,253.99,273.98
2026-10-01,JUSTDIAL,Neutral,35,653.15,685.65,618.18,734.0,782.35,830.7
2026-10-01,JWL,Neutral,30,223.93,236.2,212.58,253.95,271.7,289.45
2026-10-01,JYOTHYLAB,Distribution,18,182.91,182.91,174.61,215.5,231.25,247.0
2026-10-01,JYOTICNC,Neutral,45,1032.1,1031.6,928.44,1134.6,1237.6,1340.6
2026-10-01,JYOTISTRUC,Distribution,24,8.9,8.9,8.36,11.07,12.3,13.52
2026-10-01,KABRAEXTRU,Neutral,47,765.3,705.67,635.1,888.7,1080.0,1271.3
2026-10-01,KAJARIACER,Strong Accumulation,80,1225.1,1220.75,1131.99,1274.5,1328.25,1382.0
2026-10-01,KAKATCEM,Distribution,22,103.09,103.09,99.72,120.72,128.97,137.23
2026-10-01,KALAMANDIR,Distribution,4,74.37,74.37,70.91,92.0,100.31,108.63
2026-10-01,KALPATARU,Neutral,33,273.5,272.1,244.89,294.2,316.3,338.4
2026-10-01,KALYANIFRG,Neutral,30,944.75,944.75,854.18,1192.25,1455.35,1718.45
2026-10-01,KALYANKJIL,Low volume (ignore),22,528.5,528.5,506.82,635.95,675.68,715.4
2026-10-01,KAMAHOLD,Distribution,20,2263.0,2313.6,2107.13,2454.9,2596.2,2737.5
2026-10-01,KAMATHOTEL,Neutral,35,237.45,228.82,205.93,246.0,275.24,304.48
2026-10-01,KAMDHENU,Neutral,35,37.59,37.59,35.25,43.7,48.98,54.25
2026-10-01,KAMOPAINTS,Distribution,10,4.1,4.1,3.9,5.15,5.72,6.28
2026-10-01,KANANIIND,Distribution,10,1.34,1.34,1.21,1.6,1.79,1.98
2026-10-01,KANCHI,Accumulation,59,379.8,397.48,357.73,435.0,472.52,510.05
2026-10-01,KANORICHEM,Low volume (ignore),10,189.02,179.4,161.46,206.0,233.97,261.95
2026-10-01,KANPRPLA,Neutral,43,245.55,258.35,232.51,283.14,307.93,332.73
2026-10-01,KANSAINER,Neutral,44,175.27,190.82,171.74,208.05,225.28,242.5
2026-10-01,KAPSTON,Accumulation,71,542.35,558.1,502.29,616.2,674.3,732.4
2026-10-01,KARMAENG,Strong Accumulation,80,36.33,39.5,35.55,43.88,48.27,52.65
2026-10-01,KARURVYSYA,Neutral,47,325.3,335.67,303.32,358.65,381.62,404.6
2026-10-01,KAUSHALYA,Low volume (ignore),20,834.0,855.0,779.88,906.0,957.0,1008.0
2026-10-01,KAVDEFENCE,Neutral,37,77.6,73.5,66.15,86.46,102.34,118.22
2026-10-01,KAYA,Low volume (ignore),0,298.15,298.15,283.82,393.0,439.35,485.7
2026-10-01,KAYNES,Low volume (ignore),16,3399.0,3399.0,3194.21,4117.9,4530.35,4942.8
2026-10-01,KCP,Neutral,30,154.17,165.5,148.95,180.4,195.3,210.2
2026-10-01,KCPSUGIND,Low volume (ignore),0,26.71,26.71,25.84,36.47,40.8,45.13
2026-10-01,KDDL,Neutral,37,3911.2,3890.0,3501.0,4270.0,4650.0,5030.0
2026-10-01,KEC,Distribution,0,372.35,372.35,356.47,441.4,474.55,507.7
2026-10-01,KECL,Neutral,35,120.43,127.0,114.3,138.95,150.9,162.85
2026-10-01,KEEPLEARN,Neutral,46,1.84,1.84,1.7,2.24,2.49,2.73
2026-10-01,KEI,Neutral,40,4502.0,4502.0,4291.47,5779.0,6445.0,7111.0
2026-10-01,KELLTONTEC,Distribution,10,12.42,12.42,11.83,15.7,17.22,18.75
2026-10-01,KENNAMET,Low volume (ignore),23,4277.5,4277.5,3849.75,5136.0,5895.5,6655.0
2026-10-01,KERNEX,Distribution,10,1643.5,1643.5,1545.21,2006.9,2213.85,2420.8
2026-10-01,KESORAMIND,Neutral,45,10.73,11.76,10.58,13.0,14.24,15.48
2026-10-01,KEYFINSERV,Distribution,20,244.05,247.97,223.18,274.95,301.92,328.9
2026-10-01,KFINTECH,Distribution,4,832.0,832.0,791.23,992.4,1069.5,1146.6
2026-10-01,KHADIM,Low volume (ignore),10,113.4,113.4,109.61,128.35,145.75,163.14
2026-10-01,KHAICHEM,Neutral,41,49.22,53.7,48.33,58.79,63.88,68.98
2026-10-01,KHAITANLTD,Accumulation,51,147.19,147.19,132.47,178.0,199.3,220.6
2026-10-01,KHANDSE,Neutral,48,16.76,17.34,15.62,18.58,19.82,21.06
2026-10-01,KICL,Distribution,14,4693.2,4693.2,4395.07,5439.5,5786.25,6133.0
2026-10-01,KILITCH,Low volume (ignore),10,218.51,199.43,179.49,232.5,270.75,309.0
2026-10-01,KIMS,Distribution,10,736.25,736.25,700.73,819.0,854.35,889.7
2026-10-01,KINGFA,Neutral,45,6586.5,6627.47,6097.27,6958.85,7418.35,7877.85
2026-10-01,KIOCL,Distribution,24,323.85,360.0,324.0,396.45,432.9,469.35
2026-10-01,KIRANVYPAR,Accumulation,65,179.21,179.21,164.73,221.78,247.76,273.74
2026-10-01,KIRIINDUS,Accumulation,58,544.6,544.6,490.14,603.95,688.93,773.9
2026-10-01,KIRLFER,Strong Accumulation,74,465.85,458.65,415.45,489.0,519.35,549.7
2026-10-01,KIRLOSBROS,Neutral,40,1767.6,1838.1,1654.29,1978.0,2117.9,2257.8
2026-10-01,KIRLOSENG,Neutral,37,2242.7,2189.3,1970.37,2444.0,2699.0,2954.0
2026-10-01,KIRLOSIND,Accumulation,58,3471.4,3760.05,3384.05,4055.0,4349.95,4644.9
2026-10-01,KIRLPNU,Neutral,30,681.95,721.2,649.51,772.8,824.4,876.0
2026-10-01,KISSHT,Accumulation,69,371.15,342.52,308.27,373.0,417.18,461.35
2026-10-01,KITEX,Distribution,20,116.68,124.66,112.19,134.95,145.24,155.54
2026-10-01,KKCL,Neutral,30,475.65,490.35,441.32,527.2,564.05,600.9
2026-10-01,KLBRENG-B,Neutral,44,523.95,487.91,439.11,535.0,625.48,715.95
2026-10-01,KMEW,Low volume (ignore),27,2950.1,2928.7,2635.83,3175.0,3518.1,3861.2
2026-10-01,KMSUGAR,Neutral,41,27.74,27.74,26.03,36.5,41.33,46.16
2026-10-01,KNAGRI,Distribution,10,200.5,200.37,180.33,230.0,263.23,296.45
2026-10-01,KNRCON,Neutral,30,113.29,113.29,109.12,134.44,144.15,153.86
2026-10-01,KOHINOOR,Low volume (ignore),16,30.03,30.03,27.78,38.47,43.38,48.3
2026-10-01,KOKUYOCMLN,Neutral,30,74.77,79.45,71.78,84.9,90.35,95.8
2026-10-01,KOLTEPATIL,Neutral,38,418.8,456.57,410.92,499.95,543.33,586.7
2026-10-01,KOPRAN,Strong Accumulation,90,282.05,261.8,235.62,293.5,346.25,399.0
2026-10-01,KOTAKBANK,Accumulation,55,418.35,411.12,381.36,429.1,447.08,465.05
2026-10-01,KOTARISUG,Low volume (ignore),10,25.68,25.68,24.37,39.94,47.16,54.38
2026-10-01,KOTHARIPET,Low volume (ignore),29,126.58,126.58,121.31,150.75,162.45,174.15
2026-10-01,KOTHARIPRO,Low volume (ignore),17,63.77,63.77,58.93,76.4,84.23,92.05
2026-10-01,KOTIC,Neutral,45,147.1,141.56,127.4,163.0,182.94,202.88
2026-10-01,KOTYARK,Neutral,35,28.23,28.23,25.41,38.08,44.84,51.61
2026-10-01,KOVAI,Neutral,30,5993.5,6174.75,5728.34,6444.0,6713.25,6982.5
2026-10-01,KPEL,Distribution,23,218.0,218.0,200.32,271.0,303.24,335.48
2026-10-01,KPIGREEN,Accumulation,60,345.6,315.32,283.79,373.5,424.3,475.1
2026-10-01,KPIL,Neutral,33,1356.4,1402.85,1304.75,1460.6,1518.35,1576.1
2026-10-01,KPITTECH,Distribution,10,492.0,492.0,469.96,613.45,672.43,731.4
2026-10-01,KPL,Low volume (ignore),26,3564.4,3559.8,3203.82,3949.0,4355.0,4761.0
2026-10-01,KPRMILL,Neutral,37,1071.0,1132.1,1034.31,1197.9,1263.7,1329.5
2026-10-01,KRBL,Low volume (ignore),13,375.9,375.9,355.02,452.8,489.58,526.35
2026-10-01,KREBSBIO,Strong Accumulation,75,68.05,57.78,52.04,66.66,73.56,80.46
2026-10-01,KRIDHANINF,Neutral,35,1.85,1.85,1.74,2.25,2.48,2.71
2026-10-01,KRISHANA,Neutral,40,184.59,188.8,169.92,206.39,223.98,241.57
2026-10-01,KRISHIVAL,Accumulation,51,394.5,394.85,357.15,421.5,448.15,474.8
2026-10-01,KRISHNADEF,Neutral,31,1000.9,1050.8,945.72,1136.3,1221.8,1307.3
2026-10-01,KRITI,Neutral,42,60.77,62.72,56.45,67.44,72.16,76.88
2026-10-01,KRITIKA,Neutral,30,4.91,5.17,4.65,5.71,6.25,6.8
2026-10-01,KRITINUT,Distribution,25,66.53,66.53,64.33,92.0,102.05,112.09
2026-10-01,KRN,Accumulation,71,1414.7,1524.55,1372.1,1687.0,1849.45,2011.9
2026-10-01,KRONOX,Low volume (ignore),10,205.77,186.88,168.19,227.74,264.11,300.47
2026-10-01,KROSS,Accumulation,61,258.4,242.27,218.05,283.0,324.88,366.75
2026-10-01,KRSNAA,Strong Accumulation,79,554.85,561.5,509.25,598.0,634.5,671.0
2026-10-01,KRYSTAL,Neutral,46,610.2,648.58,583.72,696.9,745.22,793.55
2026-10-01,KSB,Strong Accumulation,70,806.45,808.0,738.17,855.0,902.0,949.0
2026-10-01,KSCL,Accumulation,60,715.1,765.3,688.77,845.6,925.9,1006.2
2026-10-01,KSHINTL,Low volume (ignore),17,1028.2,1028.2,925.38,1198.0,1331.38,1464.75
2026-10-01,KSHITIJPOL,Strong Accumulation,76,3.94,3.94,3.55,5.07,6.22,7.37
2026-10-01,KSL,Strong Accumulation,75,913.0,940.95,846.86,1032.9,1124.85,1216.8
2026-10-01,KSOLVES,Distribution,14,241.14,241.14,230.38,284.95,305.92,326.9
2026-10-01,KSR,Accumulation,56,37.38,37.38,33.64,48.84,59.76,70.68
2026-10-01,KTKBANK,Neutral,30,321.6,327.88,300.55,345.9,363.92,381.95
2026-10-01,KUANTUM,Accumulation,62,76.71,78.67,70.81,87.0,95.33,103.65
2026-10-01,KWIL,Low volume (ignore),16,38.36,38.36,36.48,50.68,57.14,63.61
2026-10-01,LAGNAM,Neutral,43,71.9,73.2,66.06,78.31,83.42,88.52
2026-10-01,LAHOTIOV,Neutral,37,39.26,39.26,35.89,46.95,51.93,56.9
2026-10-01,LAL,Neutral,33,8.45,9.27,8.35,10.29,11.3,12.32
2026-10-01,LALPATHLAB,Neutral,48,2005.1,1947.15,1800.03,2038.6,2130.05,2221.5
2026-10-01,LAMBODHARA,Neutral,36,128.64,128.64,115.78,154.5,179.0,203.5
2026-10-01,LANCORHOL,Neutral,30,31.59,31.59,30.42,41.75,49.02,56.29
2026-10-01,LANDMARK,Accumulation,56,463.25,503.95,453.56,553.85,603.75,653.65
2026-10-01,LANDSMILL,Strong Accumulation,76,1.05,0.64,0.58,0.88,1.06,1.24
2026-10-01,LAOPALA,Distribution,24,156.11,167.53,150.78,182.05,196.57,211.09
2026-10-01,LASA,Distribution,0,5.6,5.6,5.43,8.45,9.57,10.7
2026-10-01,LATENTVIEW,Neutral,30,234.48,263.12,236.81,292.0,320.88,349.75
2026-10-01,LATTEYS,Accumulation,72,20.91,21.6,19.44,23.5,25.4,27.3
2026-10-01,LAURUSLABS,Neutral,45,1984.0,1922.65,1736.3,2055.3,2187.95,2320.6
2026-10-01,LAXMICOT,Low volume (ignore),28,13.3,13.1,11.83,15.29,17.25,19.22
2026-10-01,LAXMIDENTL,Accumulation,50,193.87,197.22,183.77,205.0,212.78,220.55
2026-10-01,LAXMIINDIA,Accumulation,62,119.02,125.96,113.36,137.4,148.84,160.29
2026-10-01,LCCINFOTEC,Accumulation,50,3.9,3.65,3.29,4.27,4.96,5.66
2026-10-01,LEMERITE,Neutral,36,19.28,19.28,17.35,23.77,26.79,29.81
2026-10-01,LEMONTREE,Accumulation,55,107.67,105.69,97.85,110.5,115.31,120.12
2026-10-01,LENSKART,Neutral,37,691.15,675.58,608.02,725.0,774.42,823.85
2026-10-01,LEXUS,Distribution,21,10.56,10.56,9.5,15.23,17.19,19.14
2026-10-01,LFIC,Accumulation,50,133.82,133.82,123.67,166.98,186.02,205.06
2026-10-01,LGBBROSLTD,Accumulation,58,1711.1,1666.8,1508.93,1778.0,1889.2,2000.4
2026-10-01,LGEINDIA,Accumulation,59,1721.8,1671.45,1551.03,1743.9,1816.35,1888.8
2026-10-01,LGHL,Strong Accumulation,91,219.47,199.99,184.0,209.99,225.16,240.33
2026-10-01,LIBAS,Neutral,43,11.29,11.29,10.16,13.19,14.98,16.78
2026-10-01,LIBERTSHOE,Neutral,35,216.78,232.97,209.68,250.95,268.92,286.9
2026-10-01,LICHSGFIN,Accumulation,75,509.0,532.42,479.18,579.4,626.38,673.35
2026-10-01,LICI,Neutral,36,391.85,407.32,374.9,428.15,448.97,469.8
2026-10-01,LICNFNHGP,Accumulation,61,265.23,270.1,250.26,282.2,294.3,306.4
2026-10-01,LICNMID100,Low volume (ignore),0,58.64,58.64,56.01,65.11,68.03,70.96
2026-10-01,LIKHITHA,Strong Accumulation,85,225.62,223.0,200.7,245.99,268.99,291.98
2026-10-01,LINC,Neutral,39,86.54,86.54,82.91,100.0,106.0,112.0
2026-10-01,LINCOLN,Neutral,30,582.05,614.9,563.96,648.4,681.9,715.4
2026-10-01,LINDEINDIA,Accumulation,59,6247.5,6403.5,5843.76,6782.5,7161.5,7540.5
2026-10-01,LLOYDSENGG,Neutral,44,98.31,87.4,78.66,103.45,116.34,129.22
2026-10-01,LLOYDSENT,Accumulation,50,77.95,73.66,66.29,81.4,89.15,96.89
2026-10-01,LLOYDSME,Neutral,30,1776.8,1836.0,1688.77,1931.0,2026.0,2121.0
2026-10-01,LMW,Distribution,4,16548.0,16548.0,15769.29,20120.0,21799.5,23479.0
2026-10-01,LODHA,Neutral,46,1105.6,1177.2,1059.48,1306.9,1436.6,1566.3
2026-10-01,LOKESHMACH,Strong Accumulation,86,400.8,350.8,315.72,385.8,430.65,475.5
2026-10-01,LORDSCHLO,Strong Accumulation,70,138.81,144.84,130.36,160.0,175.16,190.32
2026-10-01,LOTUSDEV,Low volume (ignore),10,230.07,210.83,189.75,226.0,257.02,288.05
2026-10-01,LOTUSEYE,Neutral,48,115.68,112.0,101.85,119.0,126.0,133.0
2026-10-01,LOVABLE,Neutral,40,68.29,72.08,66.12,76.0,79.92,83.84
2026-10-01,LOWVOL,Distribution,6,191.67,191.67,184.3,211.27,219.71,228.14
2026-10-01,LOWVOL1,Distribution,10,19.71,19.71,18.82,21.66,22.57,23.48
2026-10-01,LOYALTEX,Accumulation,60,207.5,207.5,191.18,257.94,288.37,318.79
2026-10-01,LPDC,Distribution,14,6.21,6.21,5.84,7.75,8.62,9.48
2026-10-01,LT,Distribution,14,3693.4,3693.4,3546.22,4125.3,4317.85,4510.4
2026-10-01,LTF,Distribution,27,264.35,264.35,253.9,327.3,356.23,385.15
2026-10-01,LTFOODS,Low volume (ignore),20,399.15,399.15,377.43,490.7,535.45,580.2
2026-10-01,LTGILTCASE,Accumulation,78,30.07,30.5,28.91,31.19,31.89,32.58
2026-10-01,LTM,Neutral,34,4007.0,4318.0,3886.2,4700.0,5082.0,5464.0
2026-10-01,LTTS,Neutral,30,3267.8,3363.4,3027.06,3675.0,3986.6,4298.2
2026-10-01,LUMAXIND,Distribution,0,5550.0,5550.0,5196.29,6609.5,7134.25,7659.0
2026-10-01,LUMAXTECH,Neutral,34,1978.9,2041.85,1837.66,2190.0,2338.15,2486.3
2026-10-01,LUPIN,Distribution,4,2031.2,2031.2,1944.07,2237.9,2340.1,2442.3
2026-10-01,LUXIND,Accumulation,54,1092.0,1138.95,1025.06,1247.9,1356.85,1465.8
2026-10-01,LXCHEM,Neutral,40,181.39,175.5,157.95,189.0,202.5,216.0
2026-10-01,LYKALABS,Low volume (ignore),20,81.55,80.06,72.05,88.0,95.94,103.88
2026-10-01,LYPSAGEMS,Neutral,48,4.63,4.56,4.13,4.86,5.16,5.46
2026-10-01,M&M,Distribution,21,2860.0,2860.0,2727.64,3456.4,3710.7,3965.0
2026-10-01,M&MFIN,Distribution,20,319.75,319.75,305.99,397.5,433.6,469.7
2026-10-01,MAANALU,Distribution,21,99.34,99.34,93.12,127.95,142.42,156.89
2026-10-01,MACPOWER,Accumulation,54,2144.8,1985.52,1786.97,2226.0,2472.9,2719.8
2026-10-01,MADHAV,Accumulation,55,34.49,35.75,32.69,37.79,39.83,41.88
2026-10-01,MADHAVIPL,Distribution,24,7.31,7.74,6.96,8.47,9.21,9.94
2026-10-01,MADHUCON,Neutral,35,3.99,3.99,3.59,5.49,6.39,7.29
2026-10-01,MADRASFERT,Distribution,4,57.46,57.46,55.35,72.1,79.09,86.09
2026-10-01,MAFANG,Accumulation,51,248.21,232.99,209.69,258.47,285.06,311.65
2026-10-01,MAFATIND,Distribution,20,114.38,120.0,110.0,126.61,133.22,139.82
2026-10-01,MAGADSUGAR,Distribution,10,511.75,511.75,472.58,634.95,708.83,782.7
2026-10-01,MAGNUM,Neutral,40,18.62,19.32,17.85,20.24,21.16,22.08
2026-10-01,MAHABANK,Low volume (ignore),26,80.5,83.33,76.79,87.5,91.67,95.84
2026-10-01,MAHAPEXLTD,Distribution,6,50.18,50.18,47.63,63.4,70.0,76.59
2026-10-01,MAHASTEEL,Low volume (ignore),10,1182.5,1182.5,1064.25,1421.0,1598.85,1776.7
2026-10-01,MAHEPC,Neutral,35,96.3,102.25,92.44,109.19,116.13,123.08
2026-10-01,MAHESHWARI,Neutral,45,69.95,72.55,66.23,76.81,81.08,85.34
2026-10-01,MAHKTECH,Distribution,20,21.58,22.5,20.56,23.8,25.1,26.4
2026-10-01,MAHLIFE,Low volume (ignore),20,351.15,362.82,328.83,386.65,410.47,434.3
2026-10-01,MAHLOG,Accumulation,50,416.4,408.2,368.6,436.4,464.6,492.8
2026-10-01,MAHSCOOTER,Neutral,48,12380.0,13042.0,11746.7,13974.0,14906.0,15838.0
2026-10-01,MAHSEAMLES,Strong Accumulation,81,698.75,673.4,606.06,738.6,803.8,869.0
2026-10-01,MAITHANALL,Accumulation,54,927.0,927.0,873.97,1195.0,1331.72,1468.45
2026-10-01,MAJESAUT,Low volume (ignore),20,366.2,362.45,334.75,379.8,397.15,414.5
2026-10-01,MAKEINDIA,Distribution,6,154.68,154.68,148.1,171.77,179.04,186.31
2026-10-01,MALLCOM,Accumulation,61,935.2,977.58,879.82,1050.0,1122.42,1194.85
2026-10-01,MALUPAPER,Neutral,44,31.04,33.12,29.81,35.95,38.78,41.6
2026-10-01,MAMATA,Accumulation,50,399.9,413.98,376.36,439.95,465.92,491.9
2026-10-01,MANAKALUCO,Distribution,15,33.76,33.76,32.01,41.8,45.7,49.6
2026-10-01,MANAKCOAT,Low volume (ignore),26,126.59,128.44,115.6,138.89,149.33,159.78
2026-10-01,MANAKSIA,Accumulation,66,59.56,59.56,56.36,73.4,82.1,90.8
2026-10-01,MANAKSTEEL,Neutral,30,108.89,108.71,97.84,120.76,138.64,156.52
2026-10-01,MANALIPETC,Low volume (ignore),24,78.15,78.15,73.29,93.0,104.27,115.53
2026-10-01,MANAPPURAM,Neutral,47,308.9,340.55,306.5,372.55,404.55,436.55
2026-10-01,MANBA,Strong Accumulation,74,139.01,138.28,124.45,151.0,163.72,176.45
2026-10-01,MANCREDIT,Distribution,20,218.97,236.25,212.62,261.5,286.75,312.01
2026-10-01,MANGALAM,Neutral,44,29.15,29.15,27.65,38.25,44.2,50.16
2026-10-01,MANGLMCEM,Neutral,30,984.65,1011.85,910.67,1120.0,1228.15,1336.3
2026-10-01,MANINDS,Accumulation,60,921.55,872.63,785.37,1039.7,1238.05,1436.4
2026-10-01,MANINFRA,Neutral,38,124.3,119.8,107.82,131.95,144.1,156.25
2026-10-01,MANKIND,Accumulation,61,2535.0,2571.79,2366.05,2700.38,2868.88,3037.38
2026-10-01,MANOMAY,Accumulation,57,240.08,241.71,222.38,253.8,270.54,287.29
2026-10-01,MANORAMA,Neutral,43,1880.3,1972.3,1775.07,2149.5,2326.7,2503.9
2026-10-01,MANORG,Distribution,29,436.8,436.8,416.76,535.0,582.5,630.0
2026-10-01,MANUGRAPH,Accumulation,51,16.46,16.46,14.81,24.26,29.48,34.7
2026-10-01,MANYAVAR,Distribution,20,519.2,557.8,502.02,604.0,650.2,696.4
2026-10-01,MAPMYINDIA,Neutral,30,845.75,936.5,842.85,1033.0,1129.5,1226.0
2026-10-01,MARALOVER,Strong Accumulation,75,57.7,57.7,52.39,68.89,77.23,85.57
2026-10-01,MARATHON,Low volume (ignore),23,388.1,388.1,362.0,467.4,526.0,584.6
2026-10-01,MARICO,Distribution,4,781.35,781.35,743.26,862.15,899.65,937.15
2026-10-01,MARINE,Accumulation,60,436.55,412.56,371.31,450.0,498.68,547.35
2026-10-01,MARKOLINES,Neutral,31,167.26,170.17,154.74,180.8,191.44,202.07
2026-10-01,MARKSANS,Accumulation,55,325.6,326.02,293.42,350.95,375.88,400.8
2026-10-01,MARSONS,Neutral,38,114.26,114.26,110.25,144.28,162.65,181.01
2026-10-01,MARUTI,Distribution,21,11386.0,11386.0,10965.85,13826.0,14823.5,15821.0
2026-10-01,MASFIN,Distribution,18,272.85,272.85,260.88,310.2,328.73,347.25
2026-10-01,MASKINVEST,Strong Accumulation,96,143.41,148.5,133.65,160.0,171.5,183.0
2026-10-01,MASPTOP50,Accumulation,58,101.54,97.9,88.11,148.9,183.72,218.54
2026-10-01,MASTEK,Distribution,10,1555.6,1555.6,1469.16,1933.9,2143.2,2352.5
2026-10-01,MASTERTR,Neutral,35,81.66,81.66,77.89,100.0,111.31,122.63
2026-10-01,MATRIMONY,Low volume (ignore),24,497.0,526.98,477.24,561.95,596.93,631.9
2026-10-01,MAWANASUG,Distribution,25,138.84,137.12,123.41,164.0,184.59,205.19
2026-10-01,MAXESTATES,Accumulation,51,566.25,566.25,509.62,652.8,736.65,820.5
2026-10-01,MAXHEALTH,Distribution,24,940.95,940.95,874.99,1072.6,1121.9,1171.2
2026-10-01,MAXIND,Neutral,44,162.78,162.81,149.79,170.95,184.3,197.65
2026-10-01,MAYURUNIQ,Neutral,38,711.55,751.67,680.65,801.65,851.62,901.6
2026-10-01,MAZDA,Low volume (ignore),10,288.15,268.89,242.01,294.8,325.86,356.91
2026-10-01,MAZDOCK,Distribution,14,2064.0,2064.0,1970.26,2656.8,2941.65,3226.5
2026-10-01,MBAPL,Neutral,45,165.83,163.55,147.6,174.94,186.33,197.72
2026-10-01,MBEL,Distribution,20,251.75,265.38,238.84,284.95,304.52,324.1
2026-10-01,MBLINFRA,Accumulation,85,23.11,22.75,20.48,25.0,27.25,29.5
2026-10-01,MCCHRLS-B,Accumulation,51,690.0,673.73,606.35,799.0,893.25,987.5
2026-10-01,MCL,Accumulation,50,54.64,59.2,53.28,64.0,68.8,73.59
2026-10-01,MCLEODRUSS,Accumulation,55,42.51,42.51,39.15,51.94,57.73,63.52
2026-10-01,MCLOUD,Distribution,25,24.25,24.25,22.81,30.9,34.59,38.28
2026-10-01,MCX,Low volume (ignore),26,3204.0,3243.7,2919.33,3481.4,3719.1,3956.8
2026-10-01,MEDANTA,Low volume (ignore),21,1357.3,1357.3,1296.11,1544.0,1625.95,1707.9
2026-10-01,MEDIASSIST,Neutral,34,298.5,298.5,282.51,369.8,403.2,436.6
2026-10-01,MEDICAMEQ,Accumulation,56,318.6,312.25,281.02,363.9,435.85,507.8
2026-10-01,MEDICO,Accumulation,50,21.86,21.86,19.86,43.7,55.32,66.93
2026-10-01,MEDPLUS,Neutral,31,654.3,670.0,625.65,695.0,720.0,745.0
2026-10-01,MEESHO,Accumulation,61,218.69,218.56,199.58,244.74,269.32,293.9
2026-10-01,MEGASTAR,Accumulation,51,267.18,267.18,240.46,318.9,360.85,402.8
2026-10-01,MEIL,Neutral,45,262.1,283.0,254.7,308.0,333.0,358.0
2026-10-01,MENNPIS,Neutral,40,71.21,77.67,69.91,85.8,93.92,102.05
2026-10-01,MENONBE,Neutral,49,288.4,288.4,266.75,330.0,370.31,410.61
2026-10-01,MERCANTILE,Neutral,40,22.98,22.98,20.68,29.37,33.55,37.74
2026-10-01,MERCURYEV,Strong Accumulation,75,37.06,37.06,33.35,44.05,49.07,54.1
2026-10-01,METAL,Neutral,47,12.59,13.14,11.83,14.18,15.22,16.26
2026-10-01,METROBRAND,Distribution,20,833.5,833.5,790.55,961.9,1014.83,1067.75
2026-10-01,METROGLOBL,Neutral,35,131.52,137.0,123.3,147.0,157.0,167.01
2026-10-01,METROPOLIS,Neutral,40,537.9,572.23,520.5,607.85,643.48,679.1
2026-10-01,MFML,Neutral,46,18.72,18.7,16.83,22.47,25.33,28.19
2026-10-01,MFSL,Accumulation,50,1392.0,1482.5,1334.25,1604.9,1727.3,1849.7
2026-10-01,MGEL,Neutral,39,15.34,15.34,13.81,17.08,19.12,21.16
2026-10-01,MGL,Neutral,34,1045.4,1094.35,1003.95,1153.7,1213.05,1272.4
2026-10-01,MHLXMIRU,Low volume (ignore),10,175.0,164.9,148.41,192.5,215.59,238.69
2026-10-01,MHRIL,Distribution,26,194.85,206.93,186.24,225.65,244.37,263.09
2026-10-01,MICEL,Low volume (ignore),10,36.0,35.45,32.25,42.5,47.12,51.75
2026-10-01,MID150,Low volume (ignore),24,22.05,22.05,21.05,24.43,25.62,26.8
2026-10-01,MID150CASE,Distribution,28,10.9,10.9,10.44,12.17,12.75,13.34
2026-10-01,MIDCAP,Neutral,44,17.23,18.11,16.5,19.21,20.31,21.41
2026-10-01,MIDCAPADD,Distribution,24,22.07,23.42,21.25,24.93,26.44,27.95
2026-10-01,MIDCAPBETA,Neutral,40,222.0,230.85,215.05,240.0,249.15,258.3
2026-10-01,MIDHANI,Accumulation,65,433.6,434.92,391.43,482.4,529.88,577.35
2026-10-01,MIDQ50ADD,Distribution,10,23.47,23.47,22.38,26.01,27.18,28.35
2026-10-01,MIDSMALL,Distribution,14,49.41,49.41,47.29,53.07,54.89,56.72
2026-10-01,MIDWESTLTD,Accumulation,51,904.15,904.15,834.2,1170.0,1320.5,1471.0
2026-10-01,MINDACORP,Neutral,40,667.35,708.8,641.17,756.6,804.4,852.2
2026-10-01,MINDTECK,Neutral,35,150.93,165.1,148.59,179.4,193.7,208.0
2026-10-01,MIRZAINT,Distribution,21,27.65,27.65,26.68,32.97,35.45,37.94
2026-10-01,MITCON,Neutral,38,80.34,80.34,73.73,92.84,102.41,111.98
2026-10-01,MITTAL,Neutral,46,0.7,0.7,0.66,1.05,1.23,1.4
2026-10-01,MKPL,Distribution,26,3.9,3.9,3.57,4.7,5.21,5.72
2026-10-01,MMFL,Distribution,0,571.95,571.95,547.08,678.0,727.9,777.8
2026-10-01,MMP,Neutral,43,449.6,449.6,404.64,498.0,563.7,629.4
2026-10-01,MMTC,Distribution,24,56.29,61.65,55.48,67.58,73.51,79.44
2026-10-01,MMWL,Strong Accumulation,81,15.56,13.98,12.58,16.48,18.43,20.37
2026-10-01,MNC,Distribution,10,30.9,30.9,29.68,34.89,36.73,38.58
2026-10-01,MOALPHA50,Accumulation,56,53.17,56.07,50.87,59.7,63.33,66.96
2026-10-01,MOBANK10,Neutral,30,16.49,16.62,15.42,17.35,18.08,18.8
2026-10-01,MOBIKWIK,Neutral,41,196.23,202.14,181.93,220.22,238.3,256.38
2026-10-01,MOCAPITAL,Distribution,0,50.75,50.75,48.51,56.4,59.0,61.6
2026-10-01,MODEFENCE,Neutral,38,100.71,105.03,95.13,112.0,118.97,125.93
2026-10-01,MODINATUR,Accumulation,65,324.45,351.5,316.35,388.0,424.5,461.0
2026-10-01,MODIRUBBER,Distribution,14,119.72,119.72,107.75,145.0,162.0,179.0
2026-10-01,MODIS,Neutral,43,367.85,379.75,341.78,420.0,460.25,500.5
2026-10-01,MODISONLTD,Accumulation,52,486.05,470.66,423.59,546.0,632.62,719.25
2026-10-01,MODTHREAD,Low volume (ignore),20,45.66,45.66,43.65,62.1,70.65,79.2
2026-10-01,MOENERGY,Neutral,31,36.69,37.71,35.22,39.11,40.51,41.91
2026-10-01,MOHEALTH,Accumulation,50,50.81,52.17,48.94,53.89,55.61,57.33
2026-10-01,MOHITIND,Neutral,48,22.78,23.93,21.54,25.85,27.77,29.69
2026-10-01,MOIL,Distribution,4,232.66,232.66,223.11,270.0,287.97,305.94
2026-10-01,MOINFRA,Distribution,14,55.79,55.79,53.51,61.31,63.97,66.62
2026-10-01,MOIPO,Neutral,47,45.5,48.11,43.86,51.01,53.91,56.8
2026-10-01,MOKSH,Low volume (ignore),15,9.19,9.19,8.76,11.5,12.54,13.58
2026-10-01,MOL,Distribution,0,55.13,55.13,52.51,68.8,75.17,81.55
2026-10-01,MOLDTECH,Low volume (ignore),10,204.78,202.77,182.49,227.0,250.5,274.0
2026-10-01,MOLDTKPAC,Neutral,40,658.85,684.5,616.05,736.0,787.5,839.0
2026-10-01,MOLOWVOL,Distribution,20,33.9,35.41,32.28,37.55,39.68,41.82
2026-10-01,MOM100,Distribution,16,63.69,63.69,60.68,70.2,73.31,76.43
2026-10-01,MOM50,Neutral,34,235.67,240.28,216.25,259.0,277.73,296.45
2026-10-01,MOMENTUM,Low volume (ignore),24,29.76,30.98,28.66,32.4,33.82,35.25
2026-10-01,MOMENTUM30,Accumulation,58,29.57,30.52,28.36,31.8,33.08,34.36
2026-10-01,MOMENTUM50,Neutral,41,52.1,53.78,50.04,55.97,58.16,60.35
2026-10-01,MOMGF,Neutral,44,152.7,161.28,147.97,170.0,178.72,187.45
2026-10-01,MOMIDMTM,Neutral,30,61.49,61.49,58.54,66.97,69.67,72.38
2026-10-01,MOMNC,Accumulation,56,30.04,32.22,29.1,34.43,36.64,38.86
2026-10-01,MOMOMENTUM,Neutral,31,59.26,59.26,56.74,64.0,66.35,68.7
2026-10-01,MON100,Neutral,44,321.46,336.46,308.48,354.9,373.34,391.78
2026-10-01,MON50EQUAL,Accumulation,54,31.54,33.73,30.51,36.0,38.27,40.55
2026-10-01,MONARCH,Low volume (ignore),24,342.7,366.82,330.14,398.9,430.97,463.05
2026-10-01,MONEXT50,Distribution,20,69.39,72.13,67.22,74.97,77.81,80.64
2026-10-01,MONEYBOXX,Neutral,45,54.0,51.66,46.49,68.66,85.06,101.47
2026-10-01,MONQ50,Accumulation,53,193.18,193.18,173.86,471.99,637.12,802.25
2026-10-01,MONTECARLO,Distribution,20,522.85,546.5,493.73,584.0,621.5,659.0
2026-10-01,MOPSE,Distribution,27,94.75,99.05,91.28,104.0,108.95,113.9
2026-10-01,MOQUALITY,Distribution,20,187.34,197.76,180.93,209.0,220.24,231.47
2026-10-01,MOREALTY,Neutral,37,84.3,88.96,80.06,97.0,105.04,113.08
2026-10-01,MOREPENLAB,Accumulation,51,133.72,118.86,106.97,126.8,146.05,165.3
2026-10-01,MOSCHIP,Neutral,30,198.03,209.51,189.17,224.0,238.49,252.98
2026-10-01,MOSERVICE,Distribution,20,29.03,30.27,28.13,31.53,32.8,34.06
2026-10-01,MOSMALL250,Neutral,40,17.72,18.23,16.97,18.97,19.7,20.44
2026-10-01,MOTHERSON,Neutral,46,157.03,164.1,151.71,171.8,179.5,187.2
2026-10-01,MOTILALOFS,Neutral,45,989.9,1001.17,913.89,1060.2,1119.23,1178.25
2026-10-01,MOTISONS,Neutral,37,17.88,17.22,15.5,19.78,22.16,24.54
2026-10-01,MOTOGENFIN,Distribution,25,25.08,25.08,23.53,34.4,39.3,44.19
2026-10-01,MOTOUR,Neutral,30,75.46,77.59,71.99,80.95,84.31,87.68
2026-10-01,MOVALUE,Distribution,24,108.25,110.85,103.51,115.0,119.15,123.29
2026-10-01,MPHASIS,Neutral,40,2250.2,2338.7,2104.83,2523.0,2707.3,2891.6
2026-10-01,MPSLTD,Neutral,42,2628.4,2723.5,2451.15,2974.0,3224.5,3475.0
2026-10-01,MRF,Distribution,24,123715.0,129275.0,119067.5,135800.0,142325.0,148850.0
2026-10-01,MRPL,Neutral,30,164.76,177.15,159.44,191.9,206.65,221.4
2026-10-01,MSCI360,Distribution,22,9.47,9.47,9.12,12.24,13.58,14.92
2026-10-01,MSCIADD,Neutral,36,28.27,29.6,27.0,31.38,33.16,34.93
2026-10-01,MSCIINDIA,Accumulation,54,28.03,29.22,26.83,30.78,32.34,33.9
2026-10-01,MSPL,Neutral,43,32.52,34.64,31.18,37.48,40.32,43.16
2026-10-01,MSTCLTD,Neutral,42,705.8,738.0,664.2,805.0,872.0,939.0
2026-10-01,MSUMI,Distribution,28,33.53,33.53,32.08,39.73,42.69,45.65
2026-10-01,MTARTECH,Low volume (ignore),20,7797.0,7272.5,6545.25,7945.0,8617.5,9290.0
2026-10-01,MTEDUCARE,Low volume (ignore),20,1.67,1.77,1.59,1.96,2.15,2.34
2026-10-01,MTNL,Neutral,31,24.66,24.37,21.93,28.26,31.11,33.95
2026-10-01,MUFIN,Neutral,37,130.59,133.26,121.27,141.5,149.74,157.98
2026-10-01,MUFTI,Low volume (ignore),20,70.24,73.84,66.46,79.17,84.5,89.83
2026-10-01,MUKANDLTD,Strong Accumulation,71,172.66,147.82,133.04,174.2,196.34,218.49
2026-10-01,MUKKA,Accumulation,50,25.7,25.7,24.01,33.29,37.78,42.28
2026-10-01,MUKTAARTS,Accumulation,65,55.92,58.03,52.68,61.75,65.47,69.19
2026-10-01,MULTICAP,Distribution,17,15.78,15.78,15.13,17.37,18.12,18.88
2026-10-01,MUNJALAU,Neutral,46,104.07,109.61,98.65,120.26,130.91,141.56
2026-10-01,MUNJALSHOW,Neutral,37,124.53,130.53,118.58,138.8,147.08,155.35
2026-10-01,MURUDCERA,Neutral,31,28.06,29.8,26.82,32.09,34.39,36.68
2026-10-01,MUTHOOTCAP,Distribution,24,218.08,238.12,214.3,259.79,281.47,303.14
2026-10-01,MUTHOOTFIN,Distribution,4,2697.1,2697.1,2596.59,3246.5,3516.5,3786.5
2026-10-01,MUTHOOTMF,Distribution,10,174.09,174.09,166.42,221.0,243.78,266.56
2026-10-01,MVGJL,Accumulation,65,206.69,206.69,186.02,233.99,277.91,321.83
2026-10-01,MWL,Strong Accumulation,71,43.13,41.23,37.11,48.0,54.05,60.09
2026-10-01,NACLIND,Distribution,25,130.41,130.41,122.71,185.41,213.24,241.07
2026-10-01,NAGREEKCAP,Strong Accumulation,81,25.34,25.34,22.81,31.35,36.03,40.7
2026-10-01,NAGREEKEXP,Distribution,14,21.29,21.29,20.08,27.0,30.15,33.3
2026-10-01,NAHARCAP,Distribution,24,237.31,247.5,223.1,265.0,282.5,300.0
2026-10-01,NAHARINDUS,Low volume (ignore),17,127.74,127.74,120.28,154.0,172.5,190.99
2026-10-01,NAHARPOLY,Neutral,30,225.64,236.4,212.76,253.6,270.8,288.0
2026-10-01,NAHARSPING,Neutral,35,255.5,280.73,252.65,306.45,332.17,357.9
2026-10-01,NAM-INDIA,Distribution,10,1046.0,1046.0,995.61,1269.5,1370.25,1471.0
2026-10-01,NARMADA,Distribution,15,12.31,12.31,11.69,15.15,16.4,17.65
2026-10-01,NATCAPSUQ,Neutral,30,162.16,162.16,157.04,234.0,277.0,319.99
2026-10-01,NATCOPHARM,Accumulation,54,821.3,850.5,776.97,900.0,949.5,999.0
2026-10-01,NATHBIOGEN,Neutral,30,137.74,137.74,131.63,160.39,170.08,179.78
2026-10-01,NATIONALUM,Distribution,16,334.9,334.9,319.62,405.0,437.0,469.0
2026-10-01,NATIONSTD,Neutral,41,114.91,112.25,101.02,140.34,161.38,182.41
2026-10-01,NAUKRI,Distribution,14,1200.0,1200.0,1144.89,1390.1,1484.0,1577.9
2026-10-01,NAVA,Neutral,34,552.5,560.15,517.88,586.4,612.65,638.9
2026-10-01,NAVINFLUOR,Neutral,49,8136.5,8519.75,7847.3,8949.5,9379.25,9809.0
2026-10-01,NAVKARCORP,Distribution,24,85.07,92.1,82.89,99.41,106.72,114.02
2026-10-01,NAVKARURB,Neutral,35,0.85,0.85,0.77,1.0,1.1,1.21
2026-10-01,NAVNETEDUL,Neutral,34,123.87,129.43,116.74,138.51,147.59,156.67
2026-10-01,NAZARA,Accumulation,65,384.7,367.1,332.81,391.1,415.1,439.1
2026-10-01,NBCC,Low volume (ignore),16,77.4,77.4,73.79,90.5,96.75,102.99
2026-10-01,NBIFIN,Accumulation,60,1857.9,1857.9,1799.25,2075.0,2182.5,2290.0
2026-10-01,NCC,Neutral,44,130.06,140.25,126.23,153.86,167.47,181.07
2026-10-01,NCLIND,Neutral,47,170.03,176.3,163.54,184.0,191.7,199.4
2026-10-01,NDGL,Distribution,15,2411.0,2411.0,2311.51,3100.0,3415.0,3730.0
2026-10-01,NDL,Distribution,10,2.54,2.54,2.43,3.2,3.68,4.16
2026-10-01,NDLVENTURE,Neutral,30,125.24,123.6,112.23,131.5,139.4,147.3
2026-10-01,NDRAUTO,Neutral,30,715.85,722.8,650.52,792.3,861.8,931.3
2026-10-01,NDTV,Distribution,10,68.08,68.08,65.81,76.79,80.93,85.07
2026-10-01,NEAGI,Neutral,31,3309.4,3300.5,2970.45,3600.0,3899.5,4199.0
2026-10-01,NECCLTD,Low volume (ignore),10,18.41,18.41,16.57,19.99,22.93,25.88
2026-10-01,NECLIFE,Neutral,32,10.23,10.23,9.86,13.5,15.22,16.95
2026-10-01,NELCAST,Accumulation,60,121.03,113.91,102.52,125.5,137.09,148.68
2026-10-01,NELCO,Neutral,45,889.2,889.2,857.97,1058.8,1141.2,1223.6
2026-10-01,NEOGEN,Accumulation,63,2407.1,2293.05,2063.75,2499.7,2706.35,2913.0
2026-10-01,NEPHROPLUS,Neutral,34,648.95,648.95,617.74,781.5,842.25,903.0
2026-10-01,NESCO,Neutral,34,1028.2,1077.5,984.55,1140.0,1202.5,1265.0
2026-10-01,NESTLEIND,Distribution,4,1307.7,1307.7,1256.15,1514.8,1605.8,1696.8
2026-10-01,NETWEB,Distribution,14,4520.3,4520.3,4256.36,5813.0,6525.5,7238.0
2026-10-01,NETWORK18,Distribution,20,25.43,25.43,24.27,31.68,34.88,38.08
2026-10-01,NEUEON,Low volume (ignore),10,15.26,12.62,11.36,17.45,20.82,24.2
2026-10-01,NEULANDLAB,Neutral,46,21505.0,22697.5,20534.9,24225.0,25752.5,27280.0
2026-10-01,NEWGEN,Distribution,10,456.35,456.35,439.36,575.9,631.15,686.4
2026-10-01,NEXT30ADD,Neutral,36,39.83,39.83,38.05,46.7,49.64,52.58
2026-10-01,NEXT50,Neutral,36,713.61,713.61,683.41,779.49,809.99,840.48
2026-10-01,NEXT50ADD,Accumulation,50,71.62,72.81,67.95,75.58,78.34,81.11
2026-10-01,NEXT50BETA,Distribution,14,74.7,74.7,71.58,80.99,83.91,86.82
2026-10-01,NEXTMEDIA,Low volume (ignore),14,3.58,3.58,3.43,5.52,6.7,7.88
2026-10-01,NFL,Neutral,30,63.85,69.54,62.59,75.38,81.22,87.06
2026-10-01,NGIL,Strong Accumulation,81,38.43,37.72,33.95,42.69,48.25,53.81
2026-10-01,NGLFINE,Accumulation,51,2924.0,2803.5,2523.15,3140.0,3457.45,3774.9
2026-10-01,NH,Distribution,0,1741.4,1741.4,1662.68,1949.6,2043.9,2138.2
2026-10-01,NHPC,Distribution,10,71.75,71.75,68.14,77.89,80.19,82.48
2026-10-01,NIACL,Neutral,47,160.21,160.21,153.54,242.6,283.88,325.15
2026-10-01,NIBE,Distribution,14,1234.5,1234.5,1152.36,1544.8,1723.2,1901.6
2026-10-01,NIBL,Accumulation,55,31.32,33.09,29.79,36.69,40.28,43.88
2026-10-01,NIITLTD,Distribution,20,84.94,84.94,80.52,108.0,119.57,131.14
2026-10-01,NIITMTS,Distribution,14,191.08,191.08,179.45,238.45,256.31,274.18
2026-10-01,NILAINFRA,Neutral,30,6.57,7.1,6.39,7.8,8.5,9.2
2026-10-01,NILASPACES,Neutral,30,11.22,11.22,10.52,13.74,15.17,16.6
2026-10-01,NILE,Distribution,10,1243.2,1243.2,1167.39,1560.1,1715.15,1870.2
2026-10-01,NILKAMAL,Neutral,31,1871.8,1990.8,1791.72,2149.5,2308.2,2466.9
2026-10-01,NIMBSPROJ,Accumulation,53,189.45,176.29,158.66,203.6,234.88,266.16
2026-10-01,NINSYS,Strong Accumulation,91,804.65,750.73,690.68,788.27,818.25,848.22
2026-10-01,NIPPOBATRY,Neutral,48,314.45,325.7,303.56,338.45,351.2,363.95
2026-10-01,NIRAJ,Accumulation,61,27.74,28.25,25.43,30.8,33.35,35.9
2026-10-01,NIRAJISPAT,Neutral,30,300.0,300.0,270.0,429.65,544.47,659.3
2026-10-01,NIRLON,Neutral,36,606.8,618.0,562.6,656.0,694.0,732.0
2026-10-01,NITCO,Low volume (ignore),27,84.18,84.18,80.12,109.25,122.58,135.9
2026-10-01,NITINSPIN,Distribution,24,594.6,620.38,558.34,665.5,710.62,755.75
2026-10-01,NITIRAJ,Accumulation,53,200.9,200.9,192.3,241.0,270.49,299.97
2026-10-01,NITTAGELA,Neutral,48,1664.3,1679.75,1511.78,1807.0,1934.25,2061.5
2026-10-01,NIVABUPA,Distribution,24,72.98,78.09,70.29,84.21,90.32,96.44
2026-10-01,NKIND,Neutral,43,59.96,58.09,52.28,67.92,77.05,86.18
2026-10-01,NLCINDIA,Distribution,20,253.2,266.75,243.66,282.3,297.85,313.4
2026-10-01,NMDC,Distribution,4,74.64,74.64,71.5,89.1,95.64,102.18
2026-10-01,NOCIL,Accumulation,65,168.85,168.85,158.89,211.2,236.25,261.3
2026-10-01,NOIDATOLL,Neutral,45,3.56,3.56,3.37,4.5,4.96,5.43
2026-10-01,NORBTEAEXP,Strong Accumulation,83,69.04,67.2,60.48,73.0,78.8,84.6
2026-10-01,NORTHARC,Neutral,40,288.7,302.5,272.25,324.55,346.6,368.65
2026-10-01,NOVAAGRI,Neutral,45,22.22,23.55,21.2,25.6,27.65,29.7
2026-10-01,NOVARTIND,Accumulation,60,1965.0,1965.0,1768.5,2588.8,3182.2,3775.6
2026-10-01,NPBET,Accumulation,61,277.6,288.38,262.64,306.0,323.62,341.24
2026-10-01,NPST,Accumulation,66,1766.5,1752.89,1577.6,1934.0,2139.0,2344.0
2026-10-01,NRAIL,Strong Accumulation,71,659.5,627.6,564.84,706.4,816.1,925.8
2026-10-01,NRBBEARING,Accumulation,69,542.6,507.43,456.69,559.9,619.25,678.6
2026-10-01,NRL,Low volume (ignore),10,156.61,144.96,130.46,167.26,194.34,221.42
2026-10-01,NSIL,Neutral,33,5163.5,5163.5,4951.85,5837.0,6099.25,6361.5
2026-10-01,NSLNISP,Distribution,20,40.95,40.95,38.95,49.4,54.45,59.5
2026-10-01,NTPC,Low volume (ignore),27,315.1,315.1,303.66,344.45,357.9,371.35
2026-10-01,NTPCGREEN,Neutral,40,91.09,90.57,82.61,95.98,101.39,106.8
2026-10-01,NUCLEUS,Distribution,10,646.95,646.95,618.91,758.9,814.5,870.1
2026-10-01,NURECA,Low volume (ignore),10,349.85,339.32,305.39,371.0,411.4,451.8
2026-10-01,NUVAMA,Neutral,40,1701.4,1754.5,1579.05,1903.9,2053.3,2202.7
2026-10-01,NUVOCO,Accumulation,53,322.1,331.38,298.71,354.8,378.23,401.65
2026-10-01,NV20,Neutral,44,13.1,13.66,12.66,14.28,14.89,15.51
2026-10-01,NYKAA,Neutral,43,324.95,334.4,309.67,349.55,364.7,379.85
2026-10-01,OAL,Accumulation,53,532.2,531.28,478.15,570.0,688.92,807.85
2026-10-01,OBCL,Neutral,30,54.39,54.39,52.38,61.0,68.25,75.49
2026-10-01,OBEROIRLTY,Accumulation,69,1754.6,1796.4,1616.76,1932.8,2069.2,2205.6
2026-10-01,OCCLLTD,Low volume (ignore),20,193.49,180.9,166.43,189.94,207.91,225.88
2026-10-01,ODIGMA,Accumulation,65,21.11,22.24,20.02,23.99,25.73,27.48
2026-10-01,OFSS,Neutral,35,10420.0,11436.0,10292.4,12540.0,13644.0,14748.0
2026-10-01,OIL,Distribution,4,444.0,444.0,421.61,514.45,542.33,570.2
2026-10-01,OILCOUNTUB,Low volume (ignore),10,78.14,67.39,60.65,75.11,83.86,92.61
2026-10-01,OLAELEC,Neutral,44,37.08,40.28,36.26,44.55,48.81,53.08
2026-10-01,OLECTRA,Distribution,27,1096.2,1096.2,1043.91,1369.6,1487.4,1605.2
2026-10-01,OMAXAUTO,Accumulation,73,201.14,186.44,167.8,217.2,245.19,273.19
2026-10-01,OMAXE,Low volume (ignore),10,108.78,108.78,102.19,138.89,159.4,179.92
2026-10-01,OMFREIGHT,Low volume (ignore),20,97.5,95.98,88.3,100.78,106.8,112.82
2026-10-01,OMINFRAL,Distribution,15,76.08,76.08,71.68,88.0,93.38,98.75
2026-10-01,OMNI,Accumulation,60,608.65,564.0,507.6,615.0,666.0,717.0
2026-10-01,OMPOWER,Low volume (ignore),4,157.74,157.74,148.89,179.0,189.0,199.0
2026-10-01,ONELIFECAP,Low volume (ignore),10,41.57,34.56,31.1,39.2,44.22,49.23
2026-10-01,ONEPOINT,Strong Accumulation,75,74.37,62.45,56.21,74.0,84.22,94.45
2026-10-01,ONESOURCE,Accumulation,67,1508.0,1567.75,1433.66,1657.5,1747.25,1837.0
2026-10-01,ONGC,Low volume (ignore),27,222.37,222.37,213.98,243.16,250.84,258.52
2026-10-01,ONIDA,Accumulation,55,31.34,31.34,29.71,38.9,42.8,46.7
2026-10-01,ONMOBILE,Low volume (ignore),10,48.78,48.78,44.89,58.15,64.08,70.02
2026-10-01,ONWARDTEC,Accumulation,64,291.3,288.9,266.56,303.0,317.1,331.2
2026-10-01,OPTIEMUS,Strong Accumulation,75,803.7,658.02,592.22,850.65,1007.27,1163.9
2026-10-01,ORBTEXP,Accumulation,59,243.65,244.0,219.6,267.0,290.0,313.0
2026-10-01,ORCHASP,Low volume (ignore),20,1.28,1.28,1.18,1.71,1.94,2.17
2026-10-01,ORCHPHARMA,Neutral,42,990.0,1033.6,930.24,1143.5,1253.4,1363.3
2026-10-01,ORICONENT,Distribution,23,49.98,49.98,45.63,59.7,66.03,72.36
2026-10-01,ORIENTALTL,Distribution,20,4.81,5.17,4.65,5.64,6.11,6.58
2026-10-01,ORIENTBELL,Neutral,30,398.55,398.55,366.27,434.95,484.48,534.0
2026-10-01,ORIENTCEM,Neutral,47,115.91,115.91,110.87,135.1,144.3,153.5
2026-10-01,ORIENTCER,Strong Accumulation,73,44.12,45.97,41.37,49.43,52.89,56.36
2026-10-01,ORIENTELEC,Distribution,10,154.46,154.46,147.51,187.81,204.22,220.62
2026-10-01,ORIENTHOT,Neutral,43,140.0,139.28,127.09,147.54,155.8,164.06
2026-10-01,ORIENTLTD,Low volume (ignore),20,77.92,81.5,74.2,86.5,91.5,96.5
2026-10-01,ORIENTPPR,Low volume (ignore),7,16.23,16.23,15.62,19.28,20.8,22.31
2026-10-01,ORIENTTECH,Accumulation,50,229.25,251.38,226.24,274.5,297.62,320.74
2026-10-01,ORISSAMINE,Distribution,4,3538.6,3538.6,3395.0,4780.0,5376.9,5973.8
2026-10-01,ORKLAINDIA,Distribution,20,537.2,573.3,515.97,616.45,659.6,702.75
2026-10-01,ORTINGLOBE,Accumulation,65,14.52,14.52,13.5,17.58,19.41,21.24
2026-10-01,OSIAHYPER,Low volume (ignore),10,2.2,2.2,2.05,3.05,3.52,3.99
2026-10-01,OSWALAGRO,Neutral,48,33.11,35.55,32.0,38.75,41.95,45.14
2026-10-01,OSWALGREEN,Neutral,30,19.28,20.02,18.02,21.49,22.96,24.43
2026-10-01,OSWALPUMPS,Distribution,0,264.25,264.25,251.42,308.3,329.77,351.25
2026-10-01,OSWALSEEDS,Accumulation,50,12.39,12.39,11.16,17.0,20.0,23.0
2026-10-01,PACEDIGITK,Neutral,43,167.35,167.56,150.81,184.88,202.19,219.51
2026-10-01,PAGEIND,Neutral,36,36660.0,35922.5,32980.0,37845.0,39767.5,41690.0
2026-10-01,PAISALO,Accumulation,61,79.9,79.9,71.91,94.88,109.76,124.65
2026-10-01,PAKKA,Low volume (ignore),10,72.26,72.26,69.4,92.0,101.99,111.98
2026-10-01,PALASHSECU,Neutral,30,84.5,89.19,81.48,94.38,99.57,104.76
2026-10-01,PALREDTEC,Neutral,31,41.77,41.77,40.42,60.1,68.18,76.26
2026-10-01,PANACEABIO,Distribution,16,359.05,359.05,339.55,420.4,450.65,480.9
2026-10-01,PANACHE,Low volume (ignore),20,516.15,528.48,486.94,554.95,581.43,607.9
2026-10-01,PANAMAPET,Accumulation,50,487.1,470.93,423.83,505.0,539.08,573.15
2026-10-01,PANSARI,Distribution,15,260.0,260.0,252.2,330.0,363.55,397.1
2026-10-01,PAR,Low volume (ignore),24,123.95,123.95,117.43,180.0,220.99,261.98
2026-10-01,PARACABLES,Low volume (ignore),10,56.51,56.51,53.45,70.9,78.69,86.47
2026-10-01,PARADEEP,Neutral,42,151.22,156.5,140.85,168.0,179.5,191.0
2026-10-01,PARAGMILK,Accumulation,65,264.0,263.84,237.46,286.2,326.3,366.4
2026-10-01,PARAS,Low volume (ignore),10,1276.0,1276.0,1214.44,1585.0,1751.5,1918.0
2026-10-01,PARASPETRO,Neutral,31,2.02,2.21,1.98,2.39,2.58,2.76
2026-10-01,PARKHOSPS,Low volume (ignore),20,270.8,279.88,258.5,293.25,306.62,320.0
2026-10-01,PARKHOTELS,Neutral,31,103.55,110.61,99.54,120.59,130.57,140.56
2026-10-01,PARSVNATH,Low volume (ignore),10,2.13,1.82,1.64,2.05,2.4,2.75
2026-10-01,PASHUPATI,Neutral,40,78.99,78.99,71.95,98.32,109.68,121.04
2026-10-01,PASUPTAC,Accumulation,51,69.64,69.64,62.68,81.29,91.89,102.48
2026-10-01,PATANJALI,Neutral,37,355.15,374.32,336.89,412.9,451.47,490.05
2026-10-01,PATELENG,Low volume (ignore),24,25.92,27.46,24.72,29.55,31.64,33.72
2026-10-01,PATELRMART,Neutral,35,211.0,221.12,199.0,240.98,260.84,280.71
2026-10-01,PATINTLOG,Neutral,48,13.23,13.23,12.33,16.0,17.79,19.58
2026-10-01,PAUSHAKLTD,Distribution,20,650.3,650.3,614.98,826.75,920.2,1013.65
2026-10-01,PAVNAIND,Accumulation,50,15.36,15.36,13.95,19.31,21.77,24.24
2026-10-01,PAYTM,Neutral,44,1656.0,1721.3,1549.17,1855.5,1989.7,2123.9
2026-10-01,PCBL,Neutral,45,321.5,333.12,300.94,356.0,378.88,401.75
2026-10-01,PCJEWELLER,Neutral,46,12.82,12.82,11.54,14.86,17.52,20.17
2026-10-01,PDMJEPAPER,Accumulation,53,95.56,95.56,87.36,108.99,120.48,131.98
2026-10-01,PDSL,Neutral,48,347.55,351.0,315.9,376.85,402.7,428.55
2026-10-01,PEARLPOLY,Strong Accumulation,86,17.09,16.82,15.14,19.77,22.2,24.63
2026-10-01,PENIND,Accumulation,70,173.62,172.82,155.54,190.0,207.18,224.35
2026-10-01,PENINLAND,Neutral,35,14.62,14.62,13.75,18.3,20.36,22.42
2026-10-01,PERSISTENT,Distribution,26,5367.0,5536.0,5007.14,5910.0,6284.0,6658.0
2026-10-01,PETRONET,Neutral,49,285.5,289.43,269.9,300.6,311.78,322.95
2026-10-01,PFC,Neutral,47,318.0,318.0,303.95,375.1,402.25,429.4
2026-10-01,PFIZER,Distribution,14,3858.9,3858.9,3678.34,5030.0,5600.7,6171.4
2026-10-01,PFOCUS,Accumulation,66,301.55,301.55,271.94,362.8,405.45,448.1
2026-10-01,PFS,Strong Accumulation,75,28.81,27.75,25.12,29.6,31.45,33.3
2026-10-01,PGEL,Distribution,10,481.1,481.1,461.82,613.7,673.98,734.25
2026-10-01,PGHH,Distribution,24,6639.0,6639.0,6381.63,8309.0,9061.5,9814.0
2026-10-01,PGHL,Distribution,26,5360.0,5609.75,5141.0,5919.5,6229.25,6539.0
2026-10-01,PGIL,Neutral,46,1263.0,1263.0,1136.7,2495.0,3191.5,3888.0
2026-10-01,PHOENIXLTD,Neutral,49,1930.0,1927.9,1765.59,2035.6,2143.3,2251.0
2026-10-01,PICCADIL,Low volume (ignore),20,581.05,581.05,553.87,723.0,798.5,874.0
2026-10-01,PIDILITIND,Distribution,20,1464.0,1574.35,1417.17,1687.7,1801.05,1914.4
2026-10-01,PIGL,Distribution,10,93.87,93.87,89.49,109.73,117.15,124.56
2026-10-01,PIIND,Neutral,33,2236.0,2363.75,2127.38,2536.5,2709.25,2882.0
2026-10-01,PILANIINVS,Distribution,24,3892.3,3892.3,3749.05,4452.0,4706.6,4961.2
2026-10-01,PILITA,Accumulation,55,7.45,7.81,7.03,8.4,8.99,9.58
2026-10-01,PINELABS,Neutral,37,167.59,167.59,150.83,206.38,232.02,257.66
2026-10-01,PIONEEREMB,Neutral,30,20.07,21.7,19.53,23.4,25.09,26.79
2026-10-01,PIONRINV,Low volume (ignore),20,73.0,80.75,72.67,88.99,97.23,105.48
2026-10-01,PIRAMALFIN,Neutral,34,2023.3,2023.3,1820.97,2326.4,2599.0,2871.6
2026-10-01,PITTIENG,Accumulation,59,1123.8,1132.7,1019.43,1228.0,1323.3,1418.6
2026-10-01,PIXTRANS,Accumulation,65,1809.3,1801.0,1658.6,1892.1,1983.2,2074.3
2026-10-01,PKTEA,Accumulation,50,1037.7,982.04,883.84,1169.0,1403.5,1638.0
2026-10-01,PLASTIBLEN,Neutral,44,193.62,195.28,175.75,209.7,224.12,238.54
2026-10-01,PLATIND,Distribution,10,202.0,202.0,194.0,239.5,258.0,276.5
2026-10-01,PLAZACABLE,Accumulation,68,57.12,57.12,53.94,66.0,74.88,83.75
2026-10-01,PML,Neutral,45,472.65,487.0,447.17,513.0,539.0,565.0
2026-10-01,PNB,Low volume (ignore),4,109.57,109.57,106.09,119.4,123.82,128.24
2026-10-01,PNBGILTS,Accumulation,51,71.63,78.2,70.38,85.5,92.8,100.1
2026-10-01,PNBHOUSING,Accumulation,53,1092.0,1138.45,1033.44,1211.5,1284.55,1357.6
2026-10-01,PNC,Accumulation,69,18.09,16.79,15.23,19.69,21.69,23.68
2026-10-01,PNCINFRA,Neutral,40,138.16,138.16,124.34,214.0,262.8,311.6
2026-10-01,PNGJL,Neutral,37,581.95,598.9,546.21,634.7,670.5,706.3
2026-10-01,PNGSREVA,Accumulation,50,504.4,528.35,475.52,575.0,621.65,668.3
2026-10-01,POCL,Distribution,26,437.0,472.8,425.52,518.0,563.2,608.4
2026-10-01,PODDARMENT,Accumulation,50,253.65,253.65,242.6,333.4,378.92,424.45
2026-10-01,POKARNA,Neutral,34,699.1,699.1,664.01,991.5,1131.75,1272.0
2026-10-01,POLICYBZR,Neutral,30,980.0,980.0,934.98,1904.9,2318.85,2732.8
2026-10-01,POLYCAB,Neutral,34,7990.0,7990.0,7646.51,9445.0,10131.5,10818.0
2026-10-01,POLYMED,Low volume (ignore),27,1638.1,1734.6,1562.86,1858.0,1981.4,2104.8
2026-10-01,POLYPLEX,Distribution,4,1028.0,1028.0,979.7,1215.3,1297.95,1380.6
2026-10-01,PONNIERODE,Low volume (ignore),17,372.35,372.35,335.12,455.0,510.95,566.9
2026-10-01,POONAWALLA,Low volume (ignore),24,433.4,467.05,420.35,506.0,544.95,583.9
2026-10-01,POWERGRID,Neutral,34,254.55,254.55,244.78,275.95,284.15,292.35
2026-10-01,POWERICA,Accumulation,61,589.15,547.83,493.04,605.0,662.17,719.35
2026-10-01,POWERINDIA,Accumulation,72,31290.0,32310.0,29079.0,34975.0,37640.0,40305.0
2026-10-01,POWERMECH,Neutral,31,2476.2,2435.1,2202.0,2600.1,2765.1,2930.1
2026-10-01,PPAP,Low volume (ignore),10,228.49,228.49,215.34,277.85,305.78,333.7
2026-10-01,PPL,Low volume (ignore),20,243.55,267.07,240.37,295.8,324.53,353.25
2026-10-01,PPLPHARMA,Low volume (ignore),17,197.97,197.97,189.86,231.93,248.47,265.0
2026-10-01,PRABHA,Accumulation,66,218.31,218.31,208.6,262.8,295.19,327.58
2026-10-01,PRADPME,Low volume (ignore),20,449.25,489.98,440.98,539.95,589.93,639.9
2026-10-01,PRAENG,Accumulation,64,20.09,20.09,19.21,26.68,30.75,34.82
2026-10-01,PRAJIND,Distribution,4,303.25,303.25,288.14,363.6,392.2,420.8
2026-10-01,PRAKASH,Neutral,48,118.69,124.05,111.65,133.9,143.75,153.6
2026-10-01,PRAKASHSTL,Neutral,48,3.56,3.76,3.38,4.06,4.36,4.66
2026-10-01,PRAVEG,Neutral,31,238.1,238.1,223.1,281.0,300.98,320.95
2026-10-01,PRAXIS,Neutral,45,4.39,4.39,3.95,5.77,6.7,7.63
2026-10-01,PRECAM,Neutral,34,109.9,109.9,105.1,134.5,145.94,157.39
2026-10-01,PRECOT,Distribution,20,638.35,638.35,574.52,734.0,809.98,885.95
2026-10-01,PRECWIRE,Low volume (ignore),28,501.4,477.02,429.32,524.9,584.62,644.35
2026-10-01,PREMCO,Accumulation,66,399.95,390.0,358.95,409.95,429.9,449.85
2026-10-01,PREMEXPLN,Neutral,48,682.05,681.8,641.27,702.5,723.2,743.9
2026-10-01,PREMIER,Low volume (ignore),20,2.6,2.78,2.5,2.99,3.21,3.42
2026-10-01,PREMIERENE,Neutral,44,878.05,878.05,827.99,1072.4,1181.8,1291.2
2026-10-01,PREMIERPOL,Low volume (ignore),24,90.64,89.33,80.4,106.0,119.92,133.85
2026-10-01,PRESTIGE,Accumulation,59,1486.1,1530.2,1377.18,1651.3,1772.4,1893.5
2026-10-01,PRICOLLTD,Neutral,41,734.5,772.0,699.37,823.0,874.0,925.0
2026-10-01,PRIMESECU,Strong Accumulation,72,301.5,290.5,263.84,309.0,327.5,346.0
2026-10-01,PRIMO,Strong Accumulation,71,25.41,22.96,20.67,29.8,35.07,40.34
2026-10-01,PRINCEPIPE,Distribution,0,246.9,246.9,235.9,303.0,328.6,354.2
2026-10-01,PRITI,Accumulation,65,32.79,33.23,29.9,35.95,38.68,41.4
2026-10-01,PRITIKAUTO,Neutral,35,16.11,15.93,14.34,19.85,22.69,25.53
2026-10-01,PRIVISCL,Strong Accumulation,75,3573.0,3504.15,3204.2,3705.0,3905.85,4106.7
2026-10-01,PROSTARM,Strong Accumulation,70,135.41,134.42,120.97,144.8,155.19,165.57
2026-10-01,PROTEAN,Accumulation,60,639.75,563.65,507.29,719.0,836.73,954.45
2026-10-01,PROZONER,Accumulation,68,52.53,52.5,47.25,57.99,66.47,74.95
2026-10-01,PRSMJOHNSN,Low volume (ignore),10,103.61,103.61,99.91,118.48,124.59,130.7
2026-10-01,PRUDENT,Low volume (ignore),20,3119.1,3119.1,2947.64,4105.5,4638.85,5172.2
2026-10-01,PRUDMOULI,Distribution,25,13.49,13.49,12.22,17.6,19.8,21.99
2026-10-01,PSB,Neutral,30,20.96,22.41,20.32,23.87,25.33,26.79
2026-10-01,PSPPROJECT,Low volume (ignore),4,747.1,747.1,709.12,937.45,1020.12,1102.8
2026-10-01,PSUBANK,Distribution,26,79.52,83.38,76.49,87.9,92.42,96.94
2026-10-01,PSUBANKADD,Distribution,20,80.47,84.42,77.79,88.64,92.86,97.08
2026-10-01,PTC,Neutral,30,154.79,154.8,145.74,159.35,163.9,168.45
2026-10-01,PTCIL,Low volume (ignore),20,22025.0,21812.5,19631.25,24125.0,26437.5,28750.0
2026-10-01,PTL,Distribution,20,37.87,37.9,35.41,39.3,40.7,42.1
2026-10-01,PUNJABCHEM,Distribution,24,1040.9,1108.5,997.65,1196.9,1285.3,1373.7
2026-10-01,PURVA,Neutral,33,204.64,217.75,195.97,236.0,254.25,272.5
2026-10-01,PVP,Distribution,27,50.47,50.47,48.96,72.04,88.33,104.62
2026-10-01,PVRINOX,Neutral,40,1215.3,1241.75,1117.58,1357.8,1473.85,1589.9
2026-10-01,PVSL,Neutral,31,89.86,89.86,85.95,116.26,126.78,137.29
2026-10-01,PVTBANKADD,Low volume (ignore),27,27.18,27.55,25.74,28.55,29.55,30.56
2026-10-01,PVTBKGROWW,Neutral,36,26.87,27.35,25.52,28.39,29.43,30.47
2026-10-01,PWL,Strong Accumulation,75,120.17,126.19,113.58,140.0,153.81,167.61
2026-10-01,PYRAMID,Neutral,35,154.34,159.0,145.5,168.0,177.0,186.0
2026-10-01,QMSMEDI,Low volume (ignore),10,195.67,178.0,160.2,216.79,258.13,299.48
2026-10-01,QPOWER,Accumulation,61,1564.6,1501.57,1351.41,1638.0,1823.35,2008.7
2026-10-01,QUADFUTURE,Accumulation,55,531.4,493.29,443.97,564.9,679.1,793.3
2026-10-01,QUALITY30,Distribution,24,19.48,20.41,18.71,21.52,22.63,23.75
2026-10-01,QUESS,Distribution,20,336.2,356.38,320.74,388.75,421.12,453.5
2026-10-01,QUICKHEAL,Accumulation,55,138.15,138.15,130.95,172.0,190.9,209.8
2026-10-01,QUINT,Accumulation,56,68.74,61.54,55.39,90.0,117.21,144.42
2026-10-01,QUINTEGRA,Neutral,45,1.34,1.27,1.15,1.51,1.71,1.92
2026-10-01,RACE,Accumulation,66,113.18,106.23,95.61,143.97,170.95,197.94
2026-10-01,RACLGEAR,Neutral,31,1538.2,1538.2,1459.85,1927.7,2183.85,2440.0
2026-10-01,RADAAN,Neutral,47,2.98,2.93,2.64,3.49,3.98,4.46
2026-10-01,RADHIKAJWE,Neutral,37,68.98,68.98,64.02,97.5,113.66,129.81
2026-10-01,RADIANTCMS,Neutral,43,35.89,35.89,32.61,45.25,51.06,56.88
2026-10-01,RADICO,Low volume (ignore),10,4237.0,4237.0,4107.76,4734.7,4952.65,5170.6
2026-10-01,RADIOCITY,Distribution,10,5.88,5.88,5.29,7.33,8.07,8.82
2026-10-01,RAILTEL,Neutral,36,257.2,269.88,242.89,291.75,313.62,335.5
2026-10-01,RAIN,Neutral,42,208.52,210.52,189.47,230.0,249.48,268.96
2026-10-01,RAINBOW,Neutral,46,1279.8,1279.8,1228.21,1505.0,1583.7,1662.4
2026-10-01,RAJMET,Low volume (ignore),14,3.08,3.08,2.95,4.18,4.75,5.32
2026-10-01,RAJOOENG,Low volume (ignore),20,53.21,51.75,46.58,57.0,62.25,67.49
2026-10-01,RAJPALAYAM,Accumulation,59,738.0,784.65,713.53,833.7,882.75,931.8
2026-10-01,RAJRATAN,Neutral,36,453.55,482.4,434.16,534.8,587.2,639.6
2026-10-01,RAJRILTD,Low volume (ignore),20,20.0,21.73,19.56,23.71,25.69,27.67
2026-10-01,RAJSREESUG,Low volume (ignore),24,27.73,27.73,26.24,42.0,47.99,53.99
2026-10-01,RAJTV,Neutral,47,10.8,9.23,8.31,11.6,13.55,15.5
2026-10-01,RALLIS,Distribution,24,199.69,206.13,190.86,215.5,224.87,234.24
2026-10-01,RAMANEWS,Low volume (ignore),17,29.38,29.38,28.25,34.5,36.75,39.0
2026-10-01,RAMAPHO,Neutral,34,120.05,121.78,110.44,129.7,137.62,145.54
2026-10-01,RAMASTEEL,Low volume (ignore),10,4.47,4.25,3.83,4.72,5.24,5.76
2026-10-01,RAMBHAJO,Strong Accumulation,73,288.75,275.42,247.87,308.4,375.97,443.54
2026-10-01,RAMCOCEM,Neutral,44,830.85,883.02,797.39,944.0,1004.98,1065.95
2026-10-01,RAMCOIND,Distribution,15,302.3,302.3,284.06,360.05,387.58,415.1
2026-10-01,RAMCOSYS,Neutral,42,546.25,578.58,521.04,620.0,661.42,702.85
2026-10-01,RAMKY,Distribution,17,274.6,274.6,256.56,401.15,456.65,512.15
2026-10-01,RAMRAT,Neutral,45,616.55,553.56,498.21,602.45,666.18,729.9
2026-10-01,RANASUG,Distribution,6,13.08,13.08,12.66,16.45,17.9,19.35
2026-10-01,RANEHOLDIN,Low volume (ignore),7,1518.7,1518.7,1436.86,1740.0,1844.55,1949.1
2026-10-01,RATEGAIN,Neutral,30,840.65,911.52,820.37,1009.0,1106.47,1203.95
2026-10-01,RATNAMANI,Neutral,35,2619.4,2619.4,2506.87,2918.4,3238.3,3558.2
2026-10-01,RATNAVEER,Accumulation,62,345.45,313.39,282.05,343.75,390.32,436.89
2026-10-01,RAYMOND,Accumulation,50,1197.2,1011.65,910.49,1236.0,1548.5,1861.0
2026-10-01,RAYMONDLSL,Neutral,36,627.7,627.7,596.55,740.5,796.62,852.75
2026-10-01,RAYMONDREL,Strong Accumulation,71,648.45,609.52,548.57,741.95,862.4,982.85
2026-10-01,RBA,Distribution,24,92.22,100.39,90.35,111.15,121.92,132.68
2026-10-01,RBLBANK,Accumulation,55,411.4,402.3,363.75,429.6,456.9,484.2
2026-10-01,RBZJEWEL,Neutral,37,196.87,181.68,163.51,204.7,239.58,274.46
2026-10-01,RCF,Low volume (ignore),20,106.8,117.62,105.86,128.55,139.48,150.4
2026-10-01,RCOM,Low volume (ignore),10,0.86,0.86,0.77,1.09,1.25,1.4
2026-10-01,RECLTD,Distribution,28,287.75,287.75,277.61,338.6,361.8,385.0
2026-10-01,REDINGTON,Accumulation,64,397.95,377.55,339.8,419.5,461.45,503.4
2026-10-01,REDTAPE,Neutral,47,115.29,122.92,110.63,132.75,142.57,152.4
2026-10-01,REFEX,Neutral,33,271.3,279.0,251.1,299.9,320.8,341.7
2026-10-01,REGAAL,Accumulation,55,85.99,85.99,77.39,103.0,115.65,128.29
2026-10-01,REGENCERAM,Distribution,23,31.98,31.98,29.49,41.38,46.87,52.36
2026-10-01,RELAXO,Distribution,15,285.35,285.35,272.08,379.15,425.45,471.75
2026-10-01,RELCHEMQ,Accumulation,60,114.36,119.05,107.14,129.5,139.95,150.4
2026-10-01,RELIABLE,Accumulation,67,140.73,136.78,123.1,150.0,163.22,176.45
2026-10-01,RELIANCE,Distribution,27,1167.7,1167.7,1125.98,1333.0,1408.6,1484.2
2026-10-01,RELIGARE,Neutral,38,224.59,242.42,218.18,261.59,280.76,299.93
2026-10-01,RELINFRA,Low volume (ignore),10,46.48,46.48,41.83,64.42,74.92,85.42
2026-10-01,RELTD,Neutral,30,146.98,156.11,140.5,171.34,186.57,201.8
2026-10-01,REMSONSIND,Strong Accumulation,71,112.55,101.93,91.73,132.8,159.15,185.5
2026-10-01,RENUKA,Low volume (ignore),16,21.34,21.34,20.32,27.68,30.34,33.01
2026-10-01,REPCOHOME,Distribution,4,337.75,337.75,322.43,372.0,388.48,404.95
2026-10-01,REPL,Accumulation,52,57.99,62.0,55.8,68.0,74.0,80.0
2026-10-01,REPRO,Neutral,46,303.9,303.9,273.51,345.9,380.8,415.7
2026-10-01,RESPONIND,Strong Accumulation,81,162.59,159.89,143.9,176.8,193.71,210.62
2026-10-01,RETAIL,Strong Accumulation,75,34.93,19.86,17.87,28.88,35.41,41.95
2026-10-01,RGL,Neutral,30,162.5,156.87,141.18,173.8,196.45,219.1
2026-10-01,RHETAN,Accumulation,59,16.64,16.64,14.98,28.9,36.14,43.38
2026-10-01,RHIM,Accumulation,59,384.85,380.75,349.69,401.0,421.25,441.5
2026-10-01,RHL,Distribution,15,162.92,162.92,155.49,182.75,192.65,202.55
2026-10-01,RICOAUTO,Low volume (ignore),23,121.63,121.63,115.76,136.25,142.63,149.02
2026-10-01,RIIL,Distribution,0,666.85,666.85,637.82,814.0,886.0,958.0
2026-10-01,RISHABH,Low volume (ignore),17,698.8,698.8,648.49,852.0,949.48,1046.95
2026-10-01,RITCO,Neutral,43,276.7,301.45,271.31,331.15,360.85,390.55
2026-10-01,RITES,Neutral,48,209.48,207.12,186.41,222.99,238.86,254.73
2026-10-01,RKDL,Neutral,34,17.24,17.24,16.49,19.3,20.21,21.11
2026-10-01,RKEC,Neutral,44,21.94,20.6,18.54,27.4,32.4,37.4
2026-10-01,RKFORGE,Distribution,26,695.45,713.17,641.86,767.25,821.33,875.4
2026-10-01,RKSWAMY,Distribution,0,86.46,86.46,83.44,97.39,102.67,107.95
2026-10-01,RMC,Distribution,10,202.57,202.57,188.28,262.25,296.32,330.4
2026-10-01,RMDRIP,Low volume (ignore),10,23.49,23.05,20.74,24.75,28.38,32.0
2026-10-01,RML,Accumulation,65,1343.2,1332.64,1199.38,1440.0,1624.0,1808.0
2026-10-01,RNBDENIMS,Distribution,10,9.03,9.03,8.46,11.93,14.04,16.14
2026-10-01,ROHLTD,Neutral,40,298.65,303.5,283.24,315.0,326.5,338.0
2026-10-01,ROLEXRINGS,Accumulation,52,196.36,179.59,161.64,198.45,217.3,236.16
2026-10-01,ROLLT,Low volume (ignore),10,4.74,4.74,4.27,6.57,8.14,9.71
2026-10-01,ROML,Neutral,41,43.34,42.49,38.36,45.44,48.38,51.33
2026-10-01,ROSSARI,Distribution,24,427.55,477.3,429.57,528.6,579.9,631.2
2026-10-01,ROSSELLIND,Distribution,10,50.22,50.22,48.46,73.0,84.45,95.9
2026-10-01,ROSSTECH,Neutral,48,1522.3,1331.28,1198.15,1505.0,1741.12,1977.25
2026-10-01,ROTO,Neutral,38,62.66,63.8,58.35,67.45,71.1,74.75
2026-10-01,ROUTE,Distribution,16,436.4,436.4,418.75,534.4,579.55,624.7
2026-10-01,RPEL,Accumulation,52,1818.9,1719.79,1547.81,1943.7,2161.95,2380.2
2026-10-01,RPGLIFE,Accumulation,65,2930.7,2836.16,2552.54,3127.8,3446.65,3765.5
2026-10-01,RPOWER,Distribution,10,19.41,19.41,18.52,23.8,25.98,28.15
2026-10-01,RPPINFRA,Neutral,36,52.6,52.6,48.69,65.39,72.96,80.53
2026-10-01,RPPL,Low volume (ignore),10,19.6,19.6,17.64,24.39,27.23,30.07
2026-10-01,RPSGVENT,Neutral,31,829.85,849.52,779.06,895.9,942.27,988.65
2026-10-01,RPTECH,Neutral,30,953.15,850.73,765.66,935.0,1050.65,1166.3
2026-10-01,RRIL,Neutral,37,15.11,16.53,14.88,18.0,19.47,20.94
2026-10-01,RRKABEL,Distribution,20,2518.2,2462.37,2269.99,2983.8,3305.6,3627.4
2026-10-01,RSDFIN,Low volume (ignore),10,91.35,91.35,82.22,116.79,131.71,146.62
2026-10-01,RSL,Low volume (ignore),20,174.43,182.06,163.86,202.22,222.38,242.53
2026-10-01,RSSOFTWARE,Accumulation,73,30.04,30.61,27.55,33.94,37.27,40.59
2026-10-01,RSWM,Neutral,45,202.21,213.0,191.7,235.0,257.0,279.0
2026-10-01,RSYSTEMS,Strong Accumulation,71,263.6,250.69,225.62,305.98,342.84,379.7
2026-10-01,RTNINDIA,Neutral,34,25.32,25.32,24.2,31.29,34.46,37.63
2026-10-01,RTNPOWER,Neutral,31,6.74,7.42,6.68,8.13,8.84,9.55
2026-10-01,RUBFILA,Accumulation,61,63.25,66.81,60.12,72.0,77.19,82.39
2026-10-01,RUBICON,Accumulation,53,1630.9,1737.05,1563.35,1899.0,2060.95,2222.9
2026-10-01,RUBYMILLS,Accumulation,60,499.65,467.02,420.32,522.0,597.0,672.0
2026-10-01,RUCHINFRA,Neutral,40,4.84,4.84,4.36,6.63,7.73,8.84
2026-10-01,RUCHIRA,Accumulation,60,101.31,107.56,98.12,113.97,120.38,126.79
2026-10-01,RUDRA,Distribution,25,18.23,18.23,17.46,22.86,25.28,27.71
2026-10-01,RUPA,Neutral,40,130.58,145.0,130.5,160.0,175.0,190.0
2026-10-01,RUSHIL,Accumulation,51,15.9,15.9,14.31,18.3,20.5,22.69
2026-10-01,RUSTOMJEE,Accumulation,57,361.25,358.67,322.81,385.45,412.23,439.0
2026-10-01,RVHL,Neutral,35,37.23,40.5,36.45,43.9,47.3,50.69
2026-10-01,RVNL,Neutral,30,197.0,213.26,191.94,231.38,249.5,267.61
2026-10-01,RVTH,Accumulation,57,776.7,699.2,629.28,799.0,891.75,984.5
2026-10-01,S&SPOWER,Distribution,20,294.1,294.1,282.75,367.0,415.45,463.9
2026-10-01,SAATVIKGL,Neutral,33,405.55,421.07,378.97,457.45,493.82,530.2
2026-10-01,SABEVENTS,Neutral,31,6.63,6.63,5.97,9.5,11.27,13.04
2026-10-01,SADBHAV,Distribution,14,6.8,6.8,6.6,9.25,10.43,11.6
2026-10-01,SADBHIN,Accumulation,70,2.62,2.63,2.37,2.84,3.05,3.26
2026-10-01,SADHNANIQ,Low volume (ignore),0,2.47,2.47,2.35,3.0,3.23,3.45
2026-10-01,SAFARI,Distribution,0,1378.8,1378.8,1326.96,1556.8,1628.95,1701.1
2026-10-01,SAGARDEEP,Low volume (ignore),20,22.52,22.52,21.39,26.99,29.1,31.22
2026-10-01,SAGCEM,Accumulation,66,150.01,155.26,139.73,169.0,182.74,196.48
2026-10-01,SAGILITY,Neutral,48,43.17,44.73,40.71,47.49,50.25,53.01
2026-10-01,SAHLIBHFI,Accumulation,50,78.74,78.74,72.27,91.95,104.62,117.3
2026-10-01,SAHYADRI,Neutral,34,355.65,370.62,333.56,408.95,447.27,485.6
2026-10-01,SAIL,Neutral,36,174.5,185.73,167.16,200.96,216.19,231.42
2026-10-01,SAILIFE,Neutral,44,1541.2,1558.65,1402.79,1697.0,1835.35,1973.7
2026-10-01,SAIPARENT,Neutral,37,523.65,525.1,472.59,578.95,632.8,686.65
2026-10-01,SAKAR,Neutral,35,1075.0,1075.0,967.5,1229.85,1416.62,1603.4
2026-10-01,SAKHTISUG,Distribution,6,17.58,17.58,16.84,23.29,26.02,28.74
2026-10-01,SAKSOFT,Neutral,35,139.33,152.91,137.61,168.19,183.47,198.76
2026-10-01,SAKUMA,Neutral,49,1.54,1.54,1.4,1.9,2.13,2.36
2026-10-01,SALASAR,Neutral,44,4.13,4.13,3.72,6.09,7.22,8.36
2026-10-01,SALONA,Accumulation,50,254.35,268.7,242.6,287.3,305.9,324.5
2026-10-01,SALSTEEL,Accumulation,68,98.92,84.05,75.64,97.68,112.72,127.76
2026-10-01,SALZERELEC,Low volume (ignore),26,530.9,548.58,504.4,577.15,605.72,634.3
2026-10-01,SAMBHAAV,Neutral,30,5.42,5.42,5.2,7.0,7.75,8.49
2026-10-01,SAMBHV,Strong Accumulation,75,161.45,143.4,129.06,163.8,184.2,204.6
2026-10-01,SAMHI,Accumulation,50,154.37,159.03,143.12,172.5,185.97,199.45
2026-10-01,SAMMAANCAP,Low volume (ignore),7,132.48,132.48,126.1,161.0,173.66,186.32
2026-10-01,SAMPANN,Neutral,31,24.01,25.41,22.87,27.75,30.09,32.43
2026-10-01,SANATHAN,Strong Accumulation,71,504.35,483.98,435.58,544.3,603.92,663.55
2026-10-01,SANDESH,Neutral,30,990.05,1040.03,950.6,1100.05,1160.07,1220.1
2026-10-01,SANDHAR,Distribution,14,563.85,563.85,533.5,704.9,776.67,848.45
2026-10-01,SANDUMA,Distribution,14,177.67,177.67,169.75,213.45,231.07,248.7
2026-10-01,SANGAMIND,Accumulation,55,634.55,604.7,544.23,658.9,713.1,767.3
2026-10-01,SANGHVIMOV,Neutral,30,429.5,429.5,386.55,507.95,564.27,620.6
2026-10-01,SANGINITA,Low volume (ignore),10,73.89,64.07,57.66,73.92,87.9,101.87
2026-10-01,SANOFI,Distribution,6,3037.4,3037.4,2911.07,3372.0,3533.5,3695.0
2026-10-01,SANOFICONR,Distribution,0,3787.2,3787.2,3580.27,4301.6,4545.9,4790.2
2026-10-01,SANSERA,Accumulation,52,4276.6,4220.12,3798.11,4743.5,5248.4,5753.3
2026-10-01,SANSTAR,Low volume (ignore),11,103.0,103.0,98.17,117.0,123.19,129.38
2026-10-01,SAPPHIRE,Distribution,16,209.82,209.82,198.22,258.78,285.12,311.46
2026-10-01,SAPPL,Strong Accumulation,76,308.5,304.82,280.43,320.06,339.06,358.06
2026-10-01,SARDAEN,Accumulation,52,494.75,520.05,470.55,555.0,589.95,624.9
2026-10-01,SAREGAMA,Accumulation,61,494.75,498.4,458.81,523.8,549.2,574.6
2026-10-01,SARLAPOLY,Distribution,4,92.02,92.02,88.61,105.0,110.75,116.5
2026-10-01,SARVESHWAR,Accumulation,69,3.44,3.44,3.21,4.17,4.61,5.04
2026-10-01,SASKEN,Neutral,40,1720.5,1794.35,1614.91,1977.0,2159.65,2342.3
2026-10-01,SATIA,Strong Accumulation,85,68.34,63.45,57.11,70.5,77.55,84.6
2026-10-01,SATIN,Neutral,44,227.47,227.0,204.3,244.0,261.0,278.0
2026-10-01,SAURASHCEM,Neutral,35,53.37,55.7,50.13,60.0,64.3,68.6
2026-10-01,SAYAJIHOTL,Distribution,16,304.0,304.0,277.9,365.2,404.55,443.9
2026-10-01,SBC,Strong Accumulation,81,58.54,49.69,44.73,56.9,65.91,74.91
2026-10-01,SBCL,Low volume (ignore),27,1066.4,1066.4,959.76,1215.7,1345.0,1474.3
2026-10-01,SBFC,Distribution,20,84.19,94.0,84.6,104.39,114.78,125.17
2026-10-01,SBGLP,Accumulation,60,22.75,22.75,20.48,28.0,32.4,36.8
2026-10-01,SBIBPB,Distribution,27,46.37,48.53,44.63,51.05,53.57,56.09
2026-10-01,SBICARD,Low volume (ignore),4,563.2,563.2,543.35,675.0,722.0,769.0
2026-10-01,SBILIFE,Accumulation,54,1721.6,1727.3,1603.31,1801.7,1876.1,1950.5
2026-10-01,SBIMIDMOM,Neutral,30,60.26,60.26,57.85,65.97,68.7,71.44
2026-10-01,SBIN,Neutral,37,954.1,1007.65,924.41,1062.3,1116.95,1171.6
2026-10-01,SBINMID150,Neutral,30,21.69,21.69,20.76,23.8,24.83,25.85
2026-10-01,SCANSTL,Low volume (ignore),10,48.19,48.19,45.88,66.45,75.6,84.75
2026-10-01,SCHAEFFLER,Distribution,20,3885.6,4039.05,3703.56,4260.0,4480.95,4701.9
2026-10-01,SCHAND,Neutral,47,143.57,138.87,124.98,150.0,161.13,172.27
2026-10-01,SCHNEIDER,Accumulation,69,1275.4,1278.06,1175.81,1341.96,1410.36,1478.76
2026-10-01,SCI,Low volume (ignore),24,267.05,283.25,254.93,303.7,324.15,344.6
2026-10-01,SCILAL,Neutral,44,36.65,38.49,35.11,40.78,43.07,45.36
2026-10-01,SCODATUBES,Accumulation,54,123.0,132.18,118.96,145.76,159.34,172.92
2026-10-01,SCPL,Low volume (ignore),20,620.45,649.15,590.05,690.0,730.85,771.7
2026-10-01,SDBL,Accumulation,53,74.94,71.79,64.61,83.8,92.65,101.5
2026-10-01,SEAMECLTD,Low volume (ignore),17,1594.7,1594.7,1512.42,1849.0,1973.5,2098.0
2026-10-01,SECMARK,Low volume (ignore),28,137.48,137.48,124.94,179.5,207.6,235.7
2026-10-01,SECURKLOUD,Accumulation,51,16.77,17.44,15.7,19.28,21.12,22.96
2026-10-01,SEDEMAC,Neutral,42,3432.8,3117.23,2805.5,3596.0,3996.6,4397.2
2026-10-01,SEIL,Distribution,20,186.68,197.0,177.3,215.6,234.2,252.8
2026-10-01,SEJALLTD,Accumulation,65,656.5,655.98,590.38,724.5,793.02,861.55
2026-10-01,SELECTIPO,Distribution,16,45.48,45.48,43.62,49.86,51.89,53.92
2026-10-01,SELMC,Neutral,40,25.09,25.09,24.34,31.89,34.84,37.78
2026-10-01,SEMAC,Accumulation,55,241.99,241.99,224.85,303.95,337.42,370.9
2026-10-01,SENCO,Neutral,30,317.4,343.95,309.56,377.75,411.55,445.35
2026-10-01,SENORES,Neutral,40,1349.6,1467.65,1320.89,1599.0,1730.35,1861.7
2026-10-01,SENSEXADD,Neutral,37,75.16,77.69,72.31,80.83,83.97,87.11
2026-10-01,SENSEXAXIS,Accumulation,54,74.75,74.75,71.23,83.0,87.12,91.24
2026-10-01,SENSEXBETA,Accumulation,54,797.32,832.52,770.23,870.99,909.46,947.93
2026-10-01,SEPC,Neutral,43,5.08,5.08,4.77,6.26,6.93,7.6
2026-10-01,SERVOTECH,Distribution,4,69.2,69.2,65.96,83.95,91.17,98.39
2026-10-01,SESHAPAPER,Accumulation,56,236.35,240.05,218.35,255.0,269.95,284.9
2026-10-01,SETCO,Low volume (ignore),20,18.13,17.8,16.02,19.2,20.59,21.99
2026-10-01,SETL,Neutral,34,416.95,415.89,374.31,468.15,555.72,643.3
2026-10-01,SEYAIND,Low volume (ignore),20,13.19,13.12,11.8,14.33,15.54,16.76
2026-10-01,SFL,Low volume (ignore),7,616.65,616.65,595.48,707.0,752.02,797.05
2026-10-01,SGFIN,Neutral,41,631.85,644.35,579.92,715.0,785.65,856.3
2026-10-01,SGIL,Neutral,40,613.85,613.85,552.46,697.95,774.43,850.9
2026-10-01,SGL,Neutral,34,8.5,8.5,8.17,10.95,12.14,13.34
2026-10-01,SGMART,Distribution,20,742.2,742.2,667.98,860.6,951.85,1043.1
2026-10-01,SHADOWFAX,Neutral,38,273.15,263.1,236.79,292.2,321.3,350.4
2026-10-01,SHAH,Distribution,25,3.03,3.03,2.87,4.36,5.26,6.16
2026-10-01,SHAHALLOYS,Distribution,10,85.37,85.37,79.97,116.85,138.12,159.4
2026-10-01,SHAILY,Low volume (ignore),25,3009.1,3009.1,2883.62,3487.7,3725.6,3963.5
2026-10-01,SHAKTIPUMP,Low volume (ignore),0,454.1,454.1,433.98,524.45,559.18,593.9
2026-10-01,SHALBY,Accumulation,50,133.55,145.11,130.59,158.4,171.69,184.99
2026-10-01,SHALPAINTS,Low volume (ignore),10,78.34,78.34,70.51,89.0,97.92,106.84
2026-10-01,SHANKARA,Low volume (ignore),16,124.4,124.4,119.15,152.0,165.62,179.23
2026-10-01,SHANTI,Distribution,10,5.5,5.5,5.1,7.57,8.73,9.88
2026-10-01,SHANTIGEAR,Accumulation,66,573.65,573.65,516.28,743.0,921.75,1100.5
2026-10-01,SHARDACROP,Distribution,0,709.2,709.2,676.67,803.7,847.55,891.4
2026-10-01,SHARDAMOTR,Neutral,34,928.8,944.98,850.48,1024.95,1104.93,1184.9
2026-10-01,SHARDUL,Low volume (ignore),20,57.98,56.88,52.33,59.73,62.5,65.27
2026-10-01,SHAREINDIA,Accumulation,50,205.09,201.04,180.94,233.35,266.43,299.5
2026-10-01,SHBAJRG,Accumulation,55,172.33,162.99,146.69,178.0,193.01,208.02
2026-10-01,SHEKHAWATI,Low volume (ignore),10,30.1,22.41,20.17,30.18,37.97,45.75
2026-10-01,SHEMAROO,Neutral,45,115.21,124.0,111.6,137.0,150.0,162.99
2026-10-01,SHILCTECH,Neutral,30,4033.0,4062.55,3730.72,4279.0,4495.45,4711.9
2026-10-01,SHILPAMED,Accumulation,55,1064.1,992.77,893.5,1075.0,1208.33,1341.65
2026-10-01,SHINDL,Accumulation,61,159.12,163.1,151.51,170.0,176.9,183.8
2026-10-01,SHIVALIK,Neutral,38,394.05,378.0,340.2,436.9,528.35,619.8
2026-10-01,SHIVAMAUTO,Accumulation,55,17.07,17.07,15.62,20.7,23.35,26.01
2026-10-01,SHIVAMILLS,Accumulation,58,56.59,56.59,54.58,63.49,66.47,69.45
2026-10-01,SHIVATEX,Low volume (ignore),24,172.6,176.2,158.58,192.3,208.4,224.5
2026-10-01,SHIVAUM,Neutral,45,554.6,490.25,441.23,550.0,625.0,700.0
2026-10-01,SHK,Neutral,30,137.86,146.95,132.25,162.9,178.85,194.8
2026-10-01,SHOPERSTOP,Neutral,33,404.7,405.12,364.61,442.0,478.88,515.75
2026-10-01,SHRADHA,Neutral,35,29.89,32.6,29.34,36.0,39.4,42.8
2026-10-01,SHREDIGCEM,Low volume (ignore),20,66.69,72.45,65.2,79.9,87.35,94.8
2026-10-01,SHREECEM,Accumulation,60,21900.0,23402.5,21062.25,25255.0,27107.5,28960.0
2026-10-01,SHREEJISPG,Accumulation,62,775.35,716.27,644.64,767.1,845.73,924.35
2026-10-01,SHREEPUSHK,Low volume (ignore),24,491.5,491.5,450.18,545.2,626.85,708.5
2026-10-01,SHREERAMA,Neutral,46,43.16,45.27,40.75,49.91,54.54,59.18
2026-10-01,SHREYANIND,Neutral,36,126.29,130.13,118.11,138.5,146.87,155.24
2026-10-01,SHRIKRISH,Distribution,10,35.96,35.96,32.36,42.87,47.38,51.89
2026-10-01,SHRINGARMS,Accumulation,61,221.31,219.33,199.01,233.5,247.67,261.83
2026-10-01,SHRIPISTON,Accumulation,61,4490.5,4496.5,4046.85,4843.0,5189.5,5536.0
2026-10-01,SHRIRAMFIN,Distribution,20,945.0,945.0,907.92,1142.0,1229.05,1316.1
2026-10-01,SHRIRAMPPS,Distribution,4,67.36,67.36,63.62,80.5,86.5,92.49
2026-10-01,SHYAMCENT,Low volume (ignore),20,5.0,5.0,4.61,5.24,5.49,5.73
2026-10-01,SHYAMMETL,Neutral,42,1047.8,1065.55,959.0,1148.0,1230.45,1312.9
2026-10-01,SHYAMTEL,Neutral,39,10.32,10.32,9.93,15.45,18.04,20.63
2026-10-01,SICAGEN,Neutral,35,50.96,55.2,49.68,59.9,64.6,69.3
2026-10-01,SICALLOG,Low volume (ignore),10,87.08,87.08,84.39,114.17,127.75,141.33
2026-10-01,SIEMENS,Neutral,43,3804.0,3915.9,3571.93,4149.4,4382.9,4616.4
2026-10-01,SIGACHI,Accumulation,68,28.34,28.34,26.75,38.77,44.37,49.96
2026-10-01,SIGIND,Low volume (ignore),20,67.42,70.06,63.17,74.99,79.92,84.86
2026-10-01,SIGMA,Neutral,41,44.91,46.2,41.58,51.2,56.2,61.19
2026-10-01,SIGMAADV,Low volume (ignore),10,1076.9,872.46,785.22,980.0,1142.38,1304.75
2026-10-01,SIGNATURE,Low volume (ignore),13,737.45,737.45,691.61,828.0,870.58,913.15
2026-10-01,SIGNPOST,Low volume (ignore),27,259.4,262.57,236.32,285.0,307.43,329.85
2026-10-01,SIKA,Accumulation,61,1018.2,1036.75,933.62,1111.0,1185.25,1259.5
2026-10-01,SIKKO,Low volume (ignore),10,6.22,5.94,5.35,6.7,7.61,8.52
2026-10-01,SIL,Distribution,10,15.83,15.83,15.04,22.3,25.65,29.0
2026-10-01,SILGO,Accumulation,68,70.17,71.78,64.65,76.9,82.03,87.15
2026-10-01,SILINV,Distribution,0,424.55,424.55,398.67,498.0,531.5,565.0
2026-10-01,SILLYMONKS,Accumulation,78,16.0,16.05,14.45,17.2,18.35,19.5
2026-10-01,SIMPLEXINF,Accumulation,60,245.01,257.82,232.04,282.59,307.36,332.13
2026-10-01,SINCLAIR,Neutral,38,76.71,80.37,72.33,86.9,93.43,99.96
2026-10-01,SINDHUTRAD,Distribution,7,22.23,22.23,21.27,25.95,27.61,29.28
2026-10-01,SINGERIND,Distribution,10,74.66,74.66,67.19,89.87,100.31,110.74
2026-10-01,SINTERCOM,Accumulation,51,75.87,81.65,73.49,90.0,98.35,106.7
2026-10-01,SIRCA,Low volume (ignore),20,401.55,426.25,385.57,455.0,483.75,512.5
2026-10-01,SIS,Neutral,40,412.85,409.75,368.78,441.0,472.25,503.5
2026-10-01,SIYSIL,Distribution,14,531.55,531.55,493.1,652.0,723.83,795.65
2026-10-01,SJS,Neutral,30,2159.8,2159.8,2028.08,2582.9,2753.5,2924.1
2026-10-01,SJVN,Neutral,30,57.91,57.91,55.03,68.33,72.78,77.24
2026-10-01,SKFINDIA,Low volume (ignore),18,1450.2,1450.2,1399.9,1683.2,1786.7,1890.2
2026-10-01,SKFINDUS,Accumulation,60,2734.2,2963.3,2666.97,3218.7,3474.1,3729.5
2026-10-01,SKIPPER,Strong Accumulation,75,541.2,564.9,508.41,616.8,668.7,720.6
2026-10-01,SKMEGGPROD,Distribution,15,205.29,205.29,195.07,277.3,311.8,346.3
2026-10-01,SMALL250,Neutral,30,17.63,18.27,17.04,18.98,19.69,20.39
2026-10-01,SMALLADD,Low volume (ignore),26,17.73,18.25,17.08,18.9,19.54,20.19
2026-10-01,SMALLCAP,Distribution,20,47.43,48.52,45.27,50.37,52.22,54.07
2026-10-01,SMALLGROWW,Neutral,38,48.21,48.21,43.39,50.84,56.56,62.27
2026-10-01,SMARTLINK,Low volume (ignore),20,212.1,222.41,200.16,241.81,261.22,280.62
2026-10-01,SMARTWORKS,Neutral,37,510.65,533.8,484.71,567.9,602.0,636.1
2026-10-01,SMCGLOBAL,Strong Accumulation,71,99.06,85.92,77.33,107.0,121.67,136.34
2026-10-01,SML100CASE,Neutral,37,10.83,11.29,10.49,11.77,12.25,12.73
2026-10-01,SMLMAH,Neutral,36,6251.0,6251.0,5625.9,6898.5,7808.25,8718.0
2026-10-01,SMLT,Accumulation,64,74.18,72.1,66.33,75.7,82.67,89.64
2026-10-01,SMSPHARMA,Accumulation,66,471.3,439.65,395.69,494.45,567.05,639.65
2026-10-01,SNOWMAN,Low volume (ignore),24,34.11,36.25,32.98,38.5,40.75,43.0
2026-10-01,SNXT50BETA,Distribution,20,89.69,93.19,86.41,97.3,101.41,105.52
2026-10-01,SOBHA,Neutral,33,1213.1,1243.15,1136.84,1314.3,1385.45,1456.6
2026-10-01,SOFTTECH,Strong Accumulation,76,474.3,473.27,425.94,545.0,611.27,677.55
2026-10-01,SOLARA,Accumulation,50,714.85,714.85,643.36,774.0,885.02,996.05
2026-10-01,SOLARINDS,Accumulation,60,19400.0,20590.0,18531.0,22700.0,24810.0,26920.0
2026-10-01,SOLARWORLD,Low volume (ignore),4,125.55,125.55,119.65,156.08,171.02,185.96
2026-10-01,SOLEX,Neutral,30,670.95,670.95,631.66,848.6,947.3,1046.0
2026-10-01,SOMANYCERA,Accumulation,55,614.2,567.15,510.44,627.3,687.45,747.6
2026-10-01,SOMATEX,Low volume (ignore),10,75.76,75.76,73.04,97.38,107.69,118.0
2026-10-01,SOMICONVEY,Low volume (ignore),28,83.73,83.73,79.54,106.0,114.87,123.74
2026-10-01,SONACOMS,Accumulation,66,805.0,801.52,736.28,844.0,886.48,928.95
2026-10-01,SONAL,Neutral,44,87.56,88.75,80.02,95.0,101.25,107.5
2026-10-01,SONAMLTD,Neutral,30,68.95,68.95,63.53,80.32,89.28,98.24
2026-10-01,SONATSOFTW,Distribution,16,254.05,254.05,241.72,318.15,348.32,378.5
2026-10-01,SOTL,Low volume (ignore),16,729.5,710.96,649.9,850.1,941.67,1033.25
2026-10-01,SOUTHBANK,Neutral,44,47.44,47.47,42.93,50.68,53.89,57.1
2026-10-01,SOUTHWEST,Distribution,11,181.7,181.7,172.21,244.4,275.19,305.98
2026-10-01,SPAL,Distribution,20,935.6,935.6,878.63,1093.8,1206.8,1319.8
2026-10-01,SPANDANA,Distribution,10,216.34,216.34,207.58,254.3,270.9,287.5
2026-10-01,SPARC,Low volume (ignore),27,194.13,197.0,177.3,212.0,227.0,242.0
2026-10-01,SPCENET,Neutral,37,3.24,3.38,3.04,3.69,4.0,4.32
2026-10-01,SPECIALITY,Low volume (ignore),20,153.5,144.6,130.14,158.0,171.4,184.8
2026-10-01,SPECTRUM,Low volume (ignore),10,3853.4,3118.19,2806.37,3757.0,4610.5,5464.0
2026-10-01,SPENCERS,Distribution,25,26.24,26.24,25.21,31.69,34.04,36.38
2026-10-01,SPIC,Neutral,34,62.23,67.68,60.91,73.3,78.92,84.54
2026-10-01,SPLIL,Distribution,10,28.5,28.5,27.27,35.3,38.67,42.05
2026-10-01,SPLPETRO,Accumulation,60,780.45,780.45,702.41,899.0,1004.48,1109.95
2026-10-01,SPMLINFRA,Distribution,24,159.31,159.31,150.75,197.9,217.89,237.88
2026-10-01,SPORTKING,Neutral,30,208.54,217.81,196.03,239.4,260.99,282.58
2026-10-01,SRD,Low volume (ignore),26,38.08,39.85,36.71,41.85,43.85,45.85
2026-10-01,SREEL,Accumulation,50,292.6,292.6,263.34,400.0,480.5,561.0
2026-10-01,SRF,Neutral,36,2486.2,2532.95,2345.36,2648.0,2763.05,2878.1
2026-10-01,SRGHFL,Neutral,30,135.77,135.77,122.19,278.0,357.7,437.4
2026-10-01,SRHHYPOLTD,Accumulation,58,543.6,543.6,489.24,670.0,772.0,874.0
2026-10-01,SRM,Distribution,4,398.75,398.75,379.9,498.4,547.4,596.4
2026-10-01,SRTL,Neutral,36,36.4,38.38,34.68,41.0,43.62,46.25
2026-10-01,SSWL,Accumulation,62,390.8,371.7,334.53,404.7,463.12,521.55
2026-10-01,STALLION,Low volume (ignore),20,231.81,219.65,197.68,237.7,255.75,273.8
2026-10-01,STANLEY,Neutral,30,136.22,141.02,129.34,148.7,156.38,164.06
2026-10-01,STAR,Accumulation,60,1084.8,1084.8,1008.8,1260.9,1406.35,1551.8
2026-10-01,STARCEMENT,Neutral,37,178.39,185.81,169.94,196.42,207.03,217.64
2026-10-01,STARHEALTH,Strong Accumulation,85,537.7,550.73,497.61,588.45,626.18,663.9
2026-10-01,STARPAPER,Accumulation,54,151.81,157.36,141.62,172.5,187.64,202.79
2026-10-01,STARTECK,Strong Accumulation,86,290.95,258.6,232.74,350.0,410.0,470.0
2026-10-01,STCINDIA,Neutral,35,105.96,115.25,103.73,125.5,135.75,146.0
2026-10-01,STEELCAS,Accumulation,58,356.45,337.55,303.8,390.9,440.25,489.6
2026-10-01,STEELCITY,Accumulation,57,80.11,86.5,77.85,93.0,99.5,105.99
2026-10-01,STEELXIND,Accumulation,60,11.22,11.22,10.2,12.9,14.23,15.55
2026-10-01,STEL,Neutral,39,574.15,574.15,534.76,689.95,746.12,802.3
2026-10-01,STERTOOLS,Neutral,45,224.28,226.5,203.85,244.0,261.5,279.0
2026-10-01,STLNETWORK,Strong Accumulation,86,47.18,41.47,37.32,56.5,72.45,88.4
2026-10-01,STLTECH,Low volume (ignore),10,955.35,837.33,753.59,912.0,1067.5,1223.0
2026-10-01,STOVEKRAFT,Neutral,41,809.15,819.12,738.41,877.0,934.88,992.75
2026-10-01,STUDDS,Distribution,24,399.85,426.25,383.62,457.5,488.75,520.0
2026-10-01,STYL,Neutral,30,366.0,379.5,341.55,414.0,448.5,483.0
2026-10-01,STYLAMIND,Low volume (ignore),24,3219.9,3429.55,3086.6,3706.9,3984.25,4261.6
2026-10-01,STYLEBAAZA,Accumulation,65,368.35,404.58,364.12,447.1,489.62,532.15
2026-10-01,STYRENIX,Neutral,49,2055.0,2067.2,1905.47,2170.0,2272.8,2375.6
2026-10-01,SUBEXLTD,Accumulation,68,19.34,19.34,17.41,22.8,26.57,30.34
2026-10-01,SUBROS,Neutral,30,684.9,707.08,646.21,747.95,788.83,829.7
2026-10-01,SUDARCOLOR,Low volume (ignore),21,368.1,368.1,351.62,411.0,431.5,452.0
2026-10-01,SUDARSCHEM,Accumulation,61,1241.5,1240.95,1116.86,1347.0,1453.05,1559.1
2026-10-01,SUDEEPPHRM,Neutral,33,1199.8,1199.8,1079.82,1378.0,1524.2,1670.4
2026-10-01,SUKHJITS,Distribution,18,150.93,150.93,145.79,168.4,174.6,180.8
2026-10-01,SULA,Distribution,0,130.94,130.94,126.1,150.5,159.97,169.45
2026-10-01,SUMEET-RE,Low volume (ignore),20,2.33,2.41,2.17,2.64,2.87,3.1
2026-10-01,SUMEETINDS,Distribution,25,10.38,10.38,9.34,13.89,16.21,18.52
2026-10-01,SUMICHEM,Neutral,31,417.6,417.6,395.95,556.7,622.75,688.8
2026-10-01,SUMIT,Neutral,35,47.76,52.02,46.81,57.0,61.98,66.97
2026-10-01,SUMMITSEC,Neutral,37,1315.5,1388.55,1272.74,1465.0,1541.45,1617.9
2026-10-01,SUNCLAY,Distribution,20,1183.0,1183.0,1133.06,1350.0,1425.85,1501.7
2026-10-01,SUNDARAM,Distribution,24,1.08,1.08,0.99,1.34,1.5,1.66
2026-10-01,SUNDARMFIN,Neutral,45,4395.9,4591.9,4180.8,4873.7,5155.5,5437.3
2026-10-01,SUNDRMBRAK,Neutral,35,669.95,669.95,644.13,862.95,962.4,1061.85
2026-10-01,SUNDRMFAST,Distribution,0,1123.6,1123.6,1072.92,1347.2,1454.4,1561.6
2026-10-01,SUNDROP,Strong Accumulation,75,753.15,707.55,636.79,775.0,842.45,909.9
2026-10-01,SUNFLAG,Strong Accumulation,71,433.5,372.46,335.21,469.0,541.0,613.0
2026-10-01,SUNPHARMA,Distribution,14,1801.0,1801.0,1738.82,1984.8,2063.2,2141.6
2026-10-01,SUNTECK,Low volume (ignore),26,279.45,294.27,264.85,320.0,345.73,371.45
2026-10-01,SUNTV,Strong Accumulation,71,599.9,490.63,441.57,559.95,616.33,672.7
2026-10-01,SUPERHOUSE,Low volume (ignore),15,154.66,154.66,146.53,189.0,204.0,219.0
2026-10-01,SUPERSPIN,Low volume (ignore),10,7.51,7.31,6.58,8.3,9.49,10.67
2026-10-01,SUPRAJIT,Neutral,42,481.05,493.68,451.05,522.35,551.03,579.7
2026-10-01,SUPREME,Distribution,28,31.08,31.08,28.19,43.5,50.72,57.94
2026-10-01,SUPREMEIND,Distribution,24,3380.0,3490.0,3171.9,3710.0,3930.0,4150.0
2026-10-01,SUPREMEINF,Neutral,31,66.94,66.94,63.53,92.25,100.3,108.34
2026-10-01,SUPRIYA,Neutral,41,931.0,925.32,832.79,1019.8,1142.55,1265.3
2026-10-01,SURAJEST,Neutral,43,200.15,193.25,173.92,228.6,260.4,292.2
2026-10-01,SURAJLTD,Neutral,35,193.51,203.57,184.59,216.85,230.12,243.4
2026-10-01,SURAKSHA,Accumulation,51,350.15,327.93,295.13,360.0,392.07,424.15
2026-10-01,SURANASOL,Distribution,16,24.15,24.15,22.9,27.75,29.48,31.2
2026-10-01,SURANAT&P,Neutral,35,15.98,16.35,15.04,17.2,18.05,18.9
2026-10-01,SURYALA,Low volume (ignore),24,377.5,398.0,359.92,424.95,451.9,478.85
2026-10-01,SURYALAXMI,Distribution,20,56.07,59.52,53.57,65.6,71.67,77.75
2026-10-01,SURYAROSNI,Accumulation,53,220.67,217.86,200.52,229.0,240.14,251.28
2026-10-01,SURYODAY,Neutral,35,143.55,151.44,137.75,160.88,170.31,179.75
2026-10-01,SUTLEJTEX,Low volume (ignore),0,36.24,36.24,34.63,42.93,46.22,49.51
2026-10-01,SUVEN,Distribution,15,308.3,308.3,292.07,403.35,445.03,486.7
2026-10-01,SUVIDHAA,Neutral,46,2.07,2.07,1.86,2.75,3.24,3.73
2026-10-01,SUYOG,Neutral,47,689.9,700.58,630.52,777.65,854.72,931.8
2026-10-01,SUZLON,Neutral,31,38.91,43.22,38.9,47.55,51.88,56.2
2026-10-01,SVLL,Accumulation,55,786.75,828.0,745.2,895.0,962.0,1029.0
2026-10-01,SVPGLOB,Accumulation,55,3.1,3.1,2.89,3.92,4.38,4.83
2026-10-01,SWANCORP,Neutral,32,272.8,272.8,259.91,315.35,336.2,357.05
2026-10-01,SWANDEF,Low volume (ignore),20,2718.2,2542.45,2288.2,2804.9,3067.35,3329.8
2026-10-01,SWARAJENG,Neutral,34,3542.7,3600.0,3395.97,3699.0,3798.0,3897.0
2026-10-01,SWELECTES,Distribution,26,592.9,578.5,520.65,623.9,669.3,714.7
2026-10-01,SWIGGY,Accumulation,55,238.0,238.0,228.44,293.0,314.0,335.0
2026-10-01,SWSOLAR,Distribution,10,164.82,164.82,158.13,203.38,220.97,238.56
2026-10-01,SYMPHONY,Neutral,34,571.7,607.55,546.79,653.0,698.45,743.9
2026-10-01,SYNCOMF,Accumulation,53,23.96,20.78,18.7,26.64,32.26,37.88
2026-10-01,SYNGENE,Distribution,20,361.3,389.95,350.95,419.5,449.05,478.6
2026-10-01,SYRMA,Accumulation,69,1717.9,1645.28,1480.75,1803.9,2009.55,2215.2
2026-10-01,SYSTMTXC,Low volume (ignore),10,73.96,71.87,64.69,79.95,92.32,104.69
2026-10-01,TAALTECH,Neutral,36,944.0,944.0,897.35,5799.0,8187.25,10575.5
2026-10-01,TAINWALCHM,Accumulation,53,203.29,220.7,198.63,238.9,257.1,275.29
2026-10-01,TAJGVK,Low volume (ignore),26,314.9,333.4,301.48,356.0,378.6,401.2
2026-10-01,TAKE,Neutral,38,12.65,12.65,12.14,23.37,28.8,34.22
2026-10-01,TALBROAUTO,Accumulation,56,419.7,440.15,396.13,485.8,531.45,577.1
2026-10-01,TAMBOLIIN,Low volume (ignore),10,290.0,287.5,258.75,318.85,359.28,399.7
2026-10-01,TANLA,Neutral,30,487.75,538.15,484.33,592.55,646.95,701.35
2026-10-01,TARACHAND,Low volume (ignore),26,46.35,47.58,43.81,49.99,52.41,54.82
2026-10-01,TARAPUR,Distribution,10,12.2,12.2,10.98,16.06,18.69,21.32
2026-10-01,TARC,Neutral,48,125.58,126.53,113.88,136.49,146.45,156.41
2026-10-01,TARIL,Neutral,34,280.8,296.77,267.1,326.95,357.12,387.3
2026-10-01,TARMAT,Neutral,36,57.23,57.23,51.51,67.0,75.97,84.94
2026-10-01,TARSONS,Neutral,30,329.4,321.98,289.78,356.85,391.73,426.6
2026-10-01,TASTYBITE,Low volume (ignore),10,9453.5,9453.5,9013.73,10448.5,10927.25,11406.0
2026-10-01,TATACAP,Low volume (ignore),27,319.3,319.3,304.14,378.0,406.23,434.45
2026-10-01,TATACHEM,Neutral,40,607.8,607.8,582.0,832.0,948.0,1064.0
2026-10-01,TATACOMM,Distribution,24,1683.0,1730.75,1581.1,1831.5,1932.25,2033.0
2026-10-01,TATACONSUM,Neutral,34,957.0,1014.3,925.28,1074.7,1135.1,1195.5
2026-10-01,TATAELXSI,Low volume (ignore),4,3092.8,3092.8,2954.81,3777.6,4113.35,4449.1
2026-10-01,TATAINVEST,Accumulation,50,615.05,615.05,585.88,750.5,817.7,884.9
2026-10-01,TATAPOWER,Low volume (ignore),20,350.15,363.45,336.59,379.9,396.35,412.8
2026-10-01,TATASTEEL,Low volume (ignore),10,178.0,178.0,170.48,191.8,197.56,203.32
2026-10-01,TATATECH,Neutral,30,698.8,766.85,690.17,850.0,933.15,1016.3
2026-10-01,TATSILV,Neutral,36,21.2,22.69,20.53,24.21,25.73,27.26
2026-10-01,TATVA,Neutral,37,1743.2,1700.0,1530.0,1880.0,2060.0,2240.0
2026-10-01,TBOTEK,Neutral,41,1671.5,1675.0,1552.0,1750.0,1825.0,1900.0
2026-10-01,TBZ,Neutral,40,623.45,582.23,524.01,698.6,923.9,1149.2
2026-10-01,TCC,Accumulation,66,47.47,47.47,42.72,278.4,397.91,517.43
2026-10-01,TCI,Strong Accumulation,76,877.1,876.0,788.4,955.0,1034.0,1113.0
2026-10-01,TCIEXP,Accumulation,57,504.75,531.6,478.44,583.2,634.8,686.4
2026-10-01,TCIFINANCE,Neutral,45,14.69,15.06,13.6,16.1,17.14,18.18
2026-10-01,TCPLPACK,Neutral,40,3927.1,3941.9,3547.71,4228.8,4515.7,4802.6
2026-10-01,TCS,Neutral,34,2075.0,2215.85,1994.27,2399.3,2582.75,2766.2
2026-10-01,TDPOWERSYS,Accumulation,65,792.15,751.8,676.62,1549.3,1983.95,2418.6
2026-10-01,TEAMGTY,Neutral,30,235.1,236.36,216.52,249.5,262.64,275.78
2026-10-01,TEAMLEASE,Distribution,26,1179.4,1213.55,1092.2,1309.2,1404.85,1500.5
2026-10-01,TECH,Distribution,20,30.92,32.54,29.39,34.77,37.01,39.24
2026-10-01,TECHM,Distribution,20,1533.0,1573.5,1453.06,1649.0,1724.5,1800.0
2026-10-01,TECHNOE,Low volume (ignore),20,998.6,996.62,907.92,1057.25,1117.88,1178.5
2026-10-01,TECHNVISN,Distribution,25,3763.5,3763.5,3590.94,5550.0,6425.25,7300.5
2026-10-01,TECILCHEM,Distribution,20,9.25,9.25,8.33,11.55,13.33,15.1
2026-10-01,TEGA,Strong Accumulation,75,2093.4,1870.97,1683.88,2175.0,2495.2,2815.4
2026-10-01,TEJASNET,Low volume (ignore),24,464.8,464.8,447.27,622.8,693.88,764.95
2026-10-01,TEMBO,Accumulation,60,57.16,58.81,52.93,63.37,67.93,72.49
2026-10-01,TENNIND,Low volume (ignore),6,495.4,495.4,472.83,578.9,619.45,660.0
2026-10-01,TERASOFT,Neutral,38,207.91,207.91,188.29,343.0,411.5,480.0
2026-10-01,TEXINFRA,Strong Accumulation,76,119.39,116.81,105.13,126.59,136.37,146.14
2026-10-01,TEXMOPIPES,Accumulation,60,53.7,53.7,48.33,64.5,74.85,85.2
2026-10-01,TEXRAIL,Strong Accumulation,81,126.86,116.05,104.45,128.55,141.05,153.55
2026-10-01,TFCILTD,Accumulation,55,138.79,137.38,123.64,147.65,157.93,168.2
2026-10-01,TFL,Distribution,24,11.82,12.07,10.86,12.97,13.87,14.77
2026-10-01,TGBHOTELS,Low volume (ignore),26,9.42,9.52,8.57,10.49,11.46,12.43
2026-10-01,THACKER,Distribution,25,935.0,935.0,873.1,1107.0,1186.0,1265.0
2026-10-01,THAKDEV,Neutral,45,128.74,128.74,115.87,160.0,182.45,204.9
2026-10-01,THANGAMAYL,Accumulation,60,4861.0,5253.0,4727.7,5722.5,6192.0,6661.5
2026-10-01,THEINVEST,Distribution,27,90.33,95.4,87.3,100.8,106.2,111.6
2026-10-01,THEJO,Neutral,30,2071.4,2122.5,1935.15,2250.0,2377.5,2505.0
2026-10-01,THELEELA,Distribution,24,568.95,548.0,497.76,582.85,617.7,652.55
2026-10-01,THEMISMED,Distribution,24,113.19,113.19,107.19,140.6,159.89,179.19
2026-10-01,THERMAX,Neutral,40,3360.6,3667.55,3300.8,4066.0,4464.45,4862.9
2026-10-01,THOMASCOOK,Neutral,31,100.7,110.48,99.44,120.87,131.25,141.64
2026-10-01,THOMASCOTT,Accumulation,69,300.2,248.13,223.31,295.3,332.05,368.8
2026-10-01,THYROCARE,Neutral,30,533.6,572.88,516.77,613.0,653.12,693.25
2026-10-01,TI,Neutral,30,542.55,554.22,498.8,607.8,661.38,714.95
2026-10-01,TICL,Low volume (ignore),10,7.79,6.89,6.2,10.15,12.56,14.97
2026-10-01,TIGERLOGS,Distribution,25,25.69,25.69,24.06,32.45,36.18,39.9
2026-10-01,TIIL,Distribution,18,2893.8,2893.8,2737.34,3565.3,3891.9,4218.5
2026-10-01,TIINDIA,Distribution,20,2340.0,2340.0,2238.08,2967.6,3252.5,3537.4
2026-10-01,TIJARIA,Neutral,30,6.45,6.45,6.06,9.8,12.05,14.3
2026-10-01,TIL,Low volume (ignore),20,250.05,244.3,219.87,261.94,279.58,297.23
2026-10-01,TIMETECHNO,Neutral,35,179.68,183.68,166.89,195.3,206.93,218.55
2026-10-01,TIMEX,Neutral,49,729.5,671.86,604.67,748.0,841.95,935.9
2026-10-01,TIMKEN,Low volume (ignore),26,3098.8,3193.0,2973.05,3321.0,3449.0,3577.0
2026-10-01,TINNARUBR,Low volume (ignore),24,938.85,1015.23,913.7,1111.0,1206.78,1302.55
2026-10-01,TIPSFILMS,Neutral,35,315.4,342.98,308.68,375.9,408.82,441.75
2026-10-01,TIPSMUSIC,Accumulation,55,644.2,655.35,609.35,682.5,709.65,736.8
2026-10-01,TIRUMALCHM,Low volume (ignore),20,146.26,157.94,142.14,171.43,184.93,198.42
2026-10-01,TIRUPATIFL,Low volume (ignore),10,75.16,71.99,64.79,82.25,91.72,101.2
2026-10-01,TITAGARH,Accumulation,53,805.1,847.12,765.77,904.8,962.47,1020.15
2026-10-01,TITAN,Distribution,0,4515.7,4515.7,4356.27,5186.7,5442.55,5698.4
2026-10-01,TMB,Neutral,37,872.05,897.15,814.9,954.2,1011.25,1068.3
2026-10-01,TMCV,Distribution,10,415.5,415.5,391.98,487.8,523.7,559.6
2026-10-01,TMPV,Neutral,37,279.4,298.38,268.54,324.55,350.73,376.9
2026-10-01,TNPETRO,Neutral,40,123.18,123.18,114.94,146.99,166.34,185.68
2026-10-01,TNPL,Strong Accumulation,71,147.63,152.1,136.89,166.0,179.9,193.8
2026-10-01,TNTELE,Strong Accumulation,75,11.56,9.75,8.77,14.26,17.19,20.12
2026-10-01,TOKYOPLAST,Accumulation,58,71.01,71.01,68.0,80.29,84.44,88.58
2026-10-01,TOLINS,Distribution,20,84.59,84.59,81.48,98.49,105.23,111.98
2026-10-01,TOP100CASE,Neutral,34,9.9,9.9,9.51,10.92,11.39,11.86
2026-10-01,TOP10ADD,Neutral,48,82.41,86.11,79.5,90.26,94.41,98.56
2026-10-01,TOP20,Distribution,4,8.3,8.3,7.98,9.18,9.59,10.0
2026-10-01,TORNTPHARM,Neutral,30,4767.3,4910.75,4612.84,5066.0,5221.25,5376.5
2026-10-01,TORNTPOWER,Neutral,34,1242.9,1263.2,1163.03,1327.4,1391.6,1455.8
2026-10-01,TOTAL,Neutral,40,70.24,72.5,65.25,79.0,85.5,91.99
2026-10-01,TOUCHWOOD,Distribution,10,57.14,57.14,55.29,68.95,74.62,80.3
2026-10-01,TPHQ,Low volume (ignore),10,0.5,0.5,0.48,0.72,0.83,0.95
2026-10-01,TPLPLASTEH,Neutral,33,68.89,67.17,60.93,84.5,95.34,106.19
2026-10-01,TRACXN,Accumulation,63,31.71,30.55,27.5,33.5,36.45,39.4
2026-10-01,TRANSPEK,Low volume (ignore),20,1349.0,1337.5,1203.75,1475.0,1612.5,1750.0
2026-10-01,TRANSRAILL,Strong Accumulation,76,474.9,448.32,403.49,496.0,543.67,591.35
2026-10-01,TRANSWORLD,Low volume (ignore),0,159.0,159.0,154.23,190.96,206.64,222.32
2026-10-01,TRAVELFOOD,Distribution,20,1208.1,1293.75,1164.38,1416.5,1539.25,1662.0
2026-10-01,TREEHOUSE,Distribution,10,5.68,5.68,5.3,6.99,7.76,8.52
2026-10-01,TREJHARA,Distribution,14,131.66,131.66,123.22,167.0,186.47,205.93
2026-10-01,TREL,Accumulation,58,27.29,27.29,24.56,31.51,34.69,37.87
2026-10-01,TRENT,Distribution,10,2580.0,2580.0,2469.43,2978.0,3176.8,3375.6
2026-10-01,TRF,Distribution,15,192.33,192.33,185.45,238.0,256.0,274.0
2026-10-01,TRIDENT,Distribution,10,22.16,22.16,21.34,24.95,26.28,27.62
2026-10-01,TRIGYN,Neutral,37,51.8,51.8,49.3,64.82,71.82,78.82
2026-10-01,TRITURBINE,Distribution,15,530.0,530.0,510.22,604.05,640.02,676.0
2026-10-01,TRIVENI,Distribution,25,230.92,230.92,221.75,314.9,358.0,401.1
2026-10-01,TRU,Low volume (ignore),27,4.22,4.25,3.82,4.59,4.93,5.28
2026-10-01,TRUALT,Accumulation,62,444.3,437.48,393.73,474.95,512.42,549.9
2026-10-01,TSFINV,Accumulation,50,409.15,432.27,389.05,467.35,502.43,537.5
2026-10-01,TTKHLTCARE,Neutral,34,1013.0,1123.5,1011.15,1247.0,1370.5,1494.0
2026-10-01,TTKPRESTIG,Low volume (ignore),28,506.4,506.4,482.09,614.7,667.3,719.9
2026-10-01,TTL,Neutral,44,7.85,7.1,6.39,8.25,9.32,10.4
2026-10-01,TTML,Accumulation,50,34.82,37.17,33.45,40.5,43.83,47.16
2026-10-01,TURTLEMINT,Distribution,28,69.79,69.79,67.17,160.0,200.6,241.2
2026-10-01,TVSELECT,Accumulation,53,397.4,408.55,367.69,450.0,491.45,532.9
2026-10-01,TVSHLTD,Distribution,24,11886.0,11886.0,11311.17,14170.0,15230.0,16290.0
2026-10-01,TVSMOTOR,Neutral,30,4021.0,4243.25,3881.94,4484.5,4725.75,4967.0
2026-10-01,TVSSCS,Accumulation,50,128.42,130.95,117.85,141.0,151.05,161.1
2026-10-01,TVSSRICHAK,Distribution,0,4349.3,4349.3,4127.35,5760.0,6455.0,7150.0
2026-10-01,TVTODAY,Neutral,32,101.65,101.65,96.37,118.94,127.41,135.88
2026-10-01,TVVISION,Low volume (ignore),10,2.55,2.55,2.32,4.12,4.99,5.85
2026-10-01,UBL,Accumulation,60,1188.8,1278.15,1150.34,1386.8,1495.45,1604.1
2026-10-01,UCAL,Low volume (ignore),10,140.4,140.4,126.75,163.8,180.37,196.93
2026-10-01,UCOBANK,Distribution,4,22.93,22.93,22.13,26.44,28.18,29.91
2026-10-01,UDS,Neutral,30,208.55,207.42,186.68,240.3,267.53,294.75
2026-10-01,UEL,Low volume (ignore),17,183.67,183.67,170.41,245.8,290.15,334.5
2026-10-01,UFBL,Low volume (ignore),10,692.75,692.75,623.48,850.0,950.0,1050.0
2026-10-01,UFLEX,Neutral,37,649.85,663.52,597.17,723.5,783.48,843.45
2026-10-01,UFO,Neutral,35,56.49,62.95,56.65,69.6,76.25,82.9
2026-10-01,UGARSUGAR,Neutral,49,56.04,55.62,50.06,66.77,75.91,85.05
2026-10-01,UGROCAP,Low volume (ignore),24,82.35,85.53,76.97,91.85,98.17,104.5
2026-10-01,UJJIVANSFB,Distribution,24,65.6,67.59,60.84,73.94,80.28,86.63
2026-10-01,ULTRACEMCO,Neutral,41,10710.0,11229.5,10319.83,11820.0,12410.5,13001.0
2026-10-01,ULTRAMAR,Accumulation,56,406.15,422.1,383.68,448.65,475.2,501.75
2026-10-01,UMAEXPORTS,Low volume (ignore),10,22.05,21.66,19.5,27.25,31.23,35.22
2026-10-01,UMESLTD,Neutral,46,4.57,4.57,4.11,6.19,7.41,8.62
2026-10-01,UMIYA-MRO,Accumulation,51,91.76,98.3,88.47,109.0,119.7,130.4
2026-10-01,UNICHEMLAB,Neutral,44,535.05,552.9,497.61,608.0,663.1,718.2
2026-10-01,UNIDT,Accumulation,66,239.65,229.32,206.39,272.0,306.51,341.02
2026-10-01,UNIECOM,Low volume (ignore),20,82.58,85.58,77.26,91.5,97.42,103.35
2026-10-01,UNIENTER,Distribution,15,87.02,87.02,84.0,98.59,103.88,109.17
2026-10-01,UNIINFO,Accumulation,65,10.85,11.12,10.08,11.85,12.58,13.31
2026-10-01,UNIMECH,Strong Accumulation,71,1773.0,1618.33,1456.5,1868.2,2091.7,2315.2
2026-10-01,UNIONBANK,Distribution,24,167.59,179.17,161.25,192.33,205.5,218.66
2026-10-01,UNIPARTS,Distribution,20,819.3,858.0,776.05,915.95,973.9,1031.85
2026-10-01,UNITDSPR,Distribution,28,1335.1,1335.1,1277.0,1563.4,1667.05,1770.7
2026-10-01,UNITECH,Accumulation,60,3.93,4.11,3.7,4.55,4.99,5.43
2026-10-01,UNITEDPOLY,Strong Accumulation,90,47.05,44.47,40.03,47.25,53.62,60.0
2026-10-01,UNITEDTEA,Accumulation,59,416.95,445.0,402.65,474.9,504.8,534.7
2026-10-01,UNIVAFOODS,Low volume (ignore),20,9.48,9.53,8.77,10.0,10.46,10.91
2026-10-01,UNIVASTU,Low volume (ignore),10,134.25,134.25,120.82,178.98,205.39,231.8
2026-10-01,UNIVCABLES,Distribution,16,1451.3,1451.3,1306.17,1735.0,1933.3,2131.6
2026-10-01,UNIVPHOTO,Low volume (ignore),10,490.0,490.0,441.4,624.75,718.12,811.5
2026-10-01,UNOMINDA,Distribution,4,1111.0,1111.0,1066.13,1307.5,1386.5,1465.5
2026-10-01,UPL,Neutral,39,516.8,516.8,495.86,591.0,620.2,649.4
2026-10-01,URAVIDEF,Low volume (ignore),20,103.0,114.5,103.05,127.0,139.5,152.01
2026-10-01,URBANCO,Low volume (ignore),23,156.34,156.34,146.77,183.97,203.45,222.94
2026-10-01,URJA,Distribution,24,8.61,9.12,8.29,9.69,10.26,10.83
2026-10-01,USHAMART,Neutral,46,491.7,503.38,453.04,542.6,581.83,621.05
2026-10-01,USK,Distribution,17,18.39,18.39,17.24,22.48,24.27,26.06
2026-10-01,UTIAMC,Low volume (ignore),24,883.7,900.98,840.02,935.95,970.93,1005.9
2026-10-01,UTKARSHBNK,Neutral,47,13.43,14.88,13.39,16.49,18.1,19.72
2026-10-01,UTLSOLAR,Distribution,20,401.65,401.65,372.58,494.25,543.85,593.45
2026-10-01,UTTAMSUGAR,Low volume (ignore),10,276.1,275.08,247.57,359.3,416.9,474.5
2026-10-01,UYFINCORP,Low volume (ignore),20,22.86,21.21,19.51,22.27,23.38,24.5
2026-10-01,V2RETAIL,Distribution,27,201.39,201.39,191.78,226.3,237.1,247.89
2026-10-01,VADILALIND,Low volume (ignore),26,7187.0,7382.5,6644.25,8020.0,8657.5,9295.0
2026-10-01,VAIBHAVGBL,Neutral,30,203.53,215.33,193.8,232.5,249.67,266.84
2026-10-01,VAISHALI,Accumulation,78,8.38,8.59,7.73,9.42,10.25,11.09
2026-10-01,VAKRANGEE,Neutral,31,5.12,5.58,5.02,6.08,6.58,7.08
2026-10-01,VALIANTLAB,Low volume (ignore),10,125.08,120.16,108.14,132.25,154.18,176.1
2026-10-01,VALIANTORG,Accumulation,55,477.15,393.46,354.11,442.1,520.93,599.75
2026-10-01,VALUE,Distribution,0,15.14,15.14,14.5,16.34,16.86,17.38
2026-10-01,VALUEAXIS,Distribution,21,30.91,30.91,29.59,34.05,35.54,37.03
2026-10-01,VAML,Neutral,45,402.75,440.07,396.07,479.0,517.92,556.85
2026-10-01,VARDHACRLC,Low volume (ignore),20,44.34,43.5,40.16,45.6,47.7,49.8
2026-10-01,VARDMNPOLY,Neutral,36,5.7,5.93,5.33,6.4,6.88,7.35
2026-10-01,VARROC,Low volume (ignore),26,830.6,853.9,771.73,912.2,970.5,1028.8
2026-10-01,VASCONEQ,Strong Accumulation,75,32.58,31.49,28.34,38.0,42.88,47.75
2026-10-01,VASWANI,Accumulation,57,44.36,46.88,42.19,50.5,54.12,57.74
2026-10-01,VBL,Accumulation,65,425.3,422.05,384.31,447.9,473.75,499.6
2026-10-01,VCL,Low volume (ignore),10,1.37,1.37,1.23,2.45,3.05,3.64
2026-10-01,VEDL,Distribution,4,252.05,252.05,239.83,291.0,310.25,329.5
2026-10-01,VEDPOWER,Distribution,20,32.77,32.77,29.53,38.35,42.3,46.26
2026-10-01,VEEDOL,Distribution,24,1356.6,1446.0,1309.5,1542.0,1638.0,1734.0
2026-10-01,VELJAN,Low volume (ignore),20,2296.1,2160.05,1987.24,2268.05,2467.55,2667.05
2026-10-01,VENKEYS,Neutral,45,1613.0,1657.0,1491.3,1814.9,1972.8,2130.7
2026-10-01,VENTIVE,Accumulation,65,552.2,579.4,532.34,610.0,640.6,671.2
2026-10-01,VENUSPIPES,Accumulation,56,2204.9,2045.73,1841.16,2347.9,2752.85,3157.8
2026-10-01,VENUSREM,Strong Accumulation,71,1796.7,1792.82,1649.39,1882.46,2036.91,2191.36
2026-10-01,VERANDA,Neutral,49,213.8,213.8,204.86,265.85,293.18,320.5
2026-10-01,VERTOZ,Accumulation,65,35.66,38.64,34.78,42.3,45.96,49.62
2026-10-01,VESUVIUS,Strong Accumulation,70,404.1,416.25,374.62,449.5,482.75,516.0
2026-10-01,VETO,Neutral,42,136.79,135.14,121.63,155.9,172.85,189.8
2026-10-01,VGL,Accumulation,64,63.11,62.92,56.63,72.5,83.08,93.65
2026-10-01,VGUARD,Distribution,4,294.55,294.55,281.45,349.3,374.55,399.8
2026-10-01,VHL,Neutral,40,3435.3,3484.5,3174.81,3696.0,3907.5,4119.0
2026-10-01,VHLTD,Low volume (ignore),20,127.7,123.75,111.38,132.95,142.15,151.35
2026-10-01,VIDHIING,Neutral,33,350.25,339.18,305.26,365.0,390.82,416.65
2026-10-01,VIDYAWIRES,Accumulation,55,90.97,88.47,79.63,94.95,101.43,107.9
2026-10-01,VIJAYA,Neutral,30,1428.0,1486.8,1338.6,1593.6,1700.4,1807.2
2026-10-01,VIJIFIN,Low volume (ignore),10,15.16,15.16,14.02,17.24,19.16,21.09
2026-10-01,VIKASECO,Distribution,24,1.01,1.08,0.98,1.16,1.23,1.31
2026-10-01,VIKASLIFE,Neutral,30,1.2,1.28,1.15,1.38,1.48,1.58
2026-10-01,VIKRAMSOLR,Distribution,10,154.35,154.35,147.05,178.15,187.23,196.3
2026-10-01,VIKRAN,Low volume (ignore),27,58.27,58.7,52.83,63.54,68.38,73.23
2026-10-01,VIMTALABS,Neutral,35,584.35,626.0,563.4,672.0,718.0,764.0
2026-10-01,VINATIORGA,Neutral,31,1208.1,1270.2,1143.18,1368.0,1465.8,1563.6
2026-10-01,VINCOFE,Low volume (ignore),14,178.95,177.08,159.37,191.35,212.02,232.7
2026-10-01,VINDHYATEL,Neutral,35,2617.0,2617.0,2412.1,2952.6,3266.1,3579.6
2026-10-01,VINEETLAB,Strong Accumulation,91,35.91,37.05,33.34,40.0,42.95,45.9
2026-10-01,VINNY,Neutral,49,0.9,0.99,0.89,1.08,1.18,1.27
2026-10-01,VINYLINDIA,Neutral,35,214.23,226.57,204.91,241.9,257.23,272.55
2026-10-01,VIPCLOTHNG,Accumulation,90,20.11,20.99,18.96,22.43,23.87,25.31
2026-10-01,VIPIND,Low volume (ignore),17,280.75,280.75,269.51,325.45,344.92,364.4
2026-10-01,VIPULLTD,Low volume (ignore),10,10.59,10.59,9.7,16.39,19.59,22.78
2026-10-01,VIRINCHI,Neutral,44,13.29,14.58,13.12,16.0,17.42,18.84
2026-10-01,VISACHROME,Strong Accumulation,71,35.91,34.69,31.22,42.49,49.34,56.18
2026-10-01,VISAKAIND,Distribution,20,83.58,92.7,83.43,102.4,112.1,121.8
2026-10-01,VISHNU,Neutral,47,658.25,682.6,614.34,744.0,805.4,866.8
2026-10-01,VISHWARAJ,Distribution,0,5.18,5.18,4.95,7.09,8.03,8.97
2026-10-01,VISL,Distribution,20,31.17,31.17,29.37,40.38,45.43,50.48
2026-10-01,VITAL,Accumulation,71,53.46,53.55,48.2,59.0,64.45,69.9
2026-10-01,VIVIANA,Accumulation,51,774.5,757.5,681.75,830.0,902.5,975.0
2026-10-01,VIVIDHA,Neutral,33,0.5,0.5,0.48,0.57,0.63,0.69
2026-10-01,VIVIMEDLAB,Low volume (ignore),10,5.71,5.71,5.14,7.21,8.18,9.14
2026-10-01,VIYASH,Distribution,4,231.75,231.75,219.45,280.0,302.1,324.2
2026-10-01,VLEGOV,Neutral,41,9.6,9.6,9.12,11.8,13.09,14.38
2026-10-01,VLSFINANCE,Distribution,10,230.87,230.87,220.19,254.85,266.82,278.8
2026-10-01,VMART,Distribution,4,746.1,746.1,714.5,868.9,929.7,990.5
2026-10-01,VMM,Neutral,40,99.5,106.7,96.03,115.4,124.1,132.8
2026-10-01,VMSTMT,Accumulation,85,46.65,47.73,42.95,51.7,55.68,59.65
2026-10-01,VOEPL,Distribution,25,493.0,493.0,450.13,593.45,658.15,722.85
2026-10-01,VOGL,Distribution,10,31.98,31.98,30.45,43.3,48.48,53.67
2026-10-01,VOLTAMP,Low volume (ignore),20,10426.0,10877.25,9789.52,11699.0,12520.75,13342.5
2026-10-01,VOLTAS,Distribution,4,1053.2,1053.2,1009.38,1245.0,1322.5,1400.0
2026-10-01,VPRPL,Neutral,45,28.39,28.39,27.09,39.0,44.05,49.11
2026-10-01,VRAJ,Neutral,48,121.76,125.9,115.91,132.3,138.71,145.11
2026-10-01,VRLLOG,Neutral,30,285.05,292.9,272.47,304.9,316.9,328.9
2026-10-01,VSSL,Accumulation,55,383.3,383.3,344.97,428.25,471.73,515.2
2026-10-01,VSTIND,Distribution,24,201.14,208.0,194.97,215.0,222.0,229.0
2026-10-01,VSTL,Neutral,34,108.85,115.75,104.17,126.0,136.25,146.5
2026-10-01,VSTTILLERS,Neutral,36,4339.8,4290.9,3861.81,4631.8,4972.7,5313.6
2026-10-01,VTL,Distribution,26,529.25,582.28,524.05,637.85,693.42,749.0
2026-10-01,WAAREEENER,Distribution,27,2340.0,2340.0,2232.07,2727.0,2900.5,3074.0
2026-10-01,WAAREEINDO,Distribution,24,203.39,203.39,193.48,295.95,339.7,383.45
2026-10-01,WAAREERTL,Distribution,20,808.8,843.78,769.06,894.7,945.62,996.55
2026-10-01,WABAG,Low volume (ignore),27,2004.9,2133.95,1920.55,2319.0,2504.05,2689.1
2026-10-01,WAKEFIT,Neutral,30,139.88,146.0,131.4,159.95,173.9,187.86
2026-10-01,WALCHANNAG,Neutral,37,196.08,212.06,190.85,231.76,251.46,271.16
2026-10-01,WANBURY,Distribution,14,197.99,197.99,185.27,273.7,302.52,331.35
2026-10-01,WCIL,Accumulation,63,93.01,90.88,81.79,99.99,109.1,118.22
2026-10-01,WEALTH,Accumulation,60,889.95,875.1,787.59,940.0,1004.9,1069.8
2026-10-01,WEBELSOLAR,Distribution,10,68.7,68.7,65.03,84.5,92.0,99.5
2026-10-01,WEIZMANIND,Neutral,38,71.45,73.78,67.03,78.45,83.12,87.8
2026-10-01,WEL,Distribution,25,71.7,71.7,65.97,179.2,234.79,290.39
2026-10-01,WELCORP,Accumulation,59,2605.8,2605.8,2345.22,2900.0,3365.9,3831.8
2026-10-01,WELENT,Neutral,30,724.45,724.45,696.02,841.9,975.4,1108.9
2026-10-01,WELINV,Low volume (ignore),10,2478.0,2357.82,2122.04,2499.9,2829.85,3159.8
2026-10-01,WELSPLSOL,Neutral,34,52.58,52.58,49.07,61.99,68.98,75.98
2026-10-01,WELSPUNLIV,Accumulation,69,239.17,215.83,194.25,233.0,259.67,286.33
2026-10-01,WENDT,Strong Accumulation,70,8116.0,8533.0,7727.02,9100.0,9667.0,10234.0
2026-10-01,WESTLIFE,Accumulation,65,588.05,566.1,509.49,612.0,657.9,703.8
2026-10-01,WEWIN,Strong Accumulation,100,51.65,50.25,46.23,52.76,57.76,62.76
2026-10-01,WEWORK,Neutral,36,659.6,672.5,615.85,710.1,747.7,785.3
2026-10-01,WHEELS,Strong Accumulation,71,2241.3,2139.06,1925.15,2498.0,3021.95,3545.9
2026-10-01,WHIRLPOOL,Neutral,47,861.65,808.1,727.29,960.0,1087.0,1214.0
2026-10-01,WILLAMAGOR,Neutral,30,21.19,21.19,19.91,27.0,29.89,32.79
2026-10-01,WINDLAS,Neutral,47,1082.4,1066.1,959.49,1181.9,1297.7,1413.5
2026-10-01,WINDMACHIN,Accumulation,61,293.15,304.9,275.29,326.0,347.1,368.2
2026-10-01,WIPL,Distribution,20,161.0,166.75,153.75,175.0,183.25,191.5
2026-10-01,WIPRO,Accumulation,60,159.35,170.64,153.58,184.5,198.36,212.21
2026-10-01,WOCKPHARMA,Accumulation,60,2083.9,2083.9,1875.51,2360.0,2627.5,2895.0
2026-10-01,WONDERLA,Distribution,24,495.1,517.67,465.94,555.0,592.33,629.65
2026-10-01,WORTHPERI,Neutral,41,143.74,150.53,136.82,160.0,169.47,178.95
2026-10-01,WPIL,Accumulation,55,430.65,442.0,403.52,468.0,494.0,520.0
2026-10-01,WSI,Distribution,25,53.2,53.2,51.22,63.8,68.69,73.59
2026-10-01,WSTCSTPAPR,Low volume (ignore),23,727.65,714.68,643.21,777.0,865.6,954.2
2026-10-01,XCHANGING,Neutral,33,59.73,62.85,57.42,66.5,70.15,73.8
2026-10-01,XELPMOC,Accumulation,66,93.67,78.81,70.93,98.0,111.45,124.9
2026-10-01,XPROINDIA,Neutral,44,1136.2,1136.2,1081.55,1408.7,1567.45,1726.2
2026-10-01,XTGLOBAL,Low volume (ignore),14,28.69,28.69,27.07,35.0,38.75,42.5
2026-10-01,YASHO,Neutral,30,4036.0,4149.0,3734.1,4525.0,4901.0,5277.0
2026-10-01,YATHARTH,Accumulation,54,1033.7,1033.7,930.33,1184.0,1354.0,1524.0
2026-10-01,YATRA,Low volume (ignore),24,98.83,109.11,98.2,119.7,130.29,140.88
2026-10-01,YESBANK,Accumulation,54,20.75,22.41,20.16,24.1,25.8,27.49
2026-10-01,YUKEN,Accumulation,59,1141.4,1098.64,988.78,1153.85,1269.27,1384.7
2026-10-01,ZAGGLE,Distribution,0,171.73,171.73,163.8,203.95,219.8,235.65
2026-10-01,ZEEL,Distribution,4,71.92,71.92,69.49,110.63,129.29,147.95
2026-10-01,ZEELEARN,Neutral,35,6.3,6.3,5.83,8.23,9.34,10.45
2026-10-01,ZEEMEDIA,Distribution,10,7.2,7.2,6.8,9.64,10.96,12.27
2026-10-01,ZENITHEXPO,Neutral,35,203.04,204.84,186.24,217.68,230.52,243.36
2026-10-01,ZENITHSTL,Neutral,44,5.1,5.1,4.85,6.5,7.23,7.97
2026-10-01,ZENSARTECH,Neutral,30,434.35,456.27,410.65,496.4,536.52,576.65
2026-10-01,ZENTEC,Distribution,4,1576.1,1576.1,1503.5,1960.6,2148.1,2335.6
2026-10-01,ZFCVINDIA,Distribution,10,2241.0,2241.0,2163.1,2674.0,2868.5,3063.0
2026-10-01,ZFSTEERING,Accumulation,60,708.4,723.58,651.22,794.95,866.33,937.7
2026-10-01,ZIMLAB,Strong Accumulation,90,137.02,130.37,117.33,144.49,158.61,172.73
2026-10-01,ZODIAC,Neutral,32,216.91,216.91,195.31,263.95,295.25,326.55
2026-10-01,ZODIACLOTH,Distribution,21,66.71,66.71,64.33,77.14,82.11,87.07
2026-10-01,ZOTA,Accumulation,65,1267.8,1206.47,1085.83,1438.0,1646.0,1854.0
2026-10-01,ZSARACOM,Distribution,25,10017.0,10017.0,9506.97,12900.0,14449.5,15999.0
2026-10-01,ZUARI,Neutral,41,212.88,223.81,201.42,243.5,263.19,282.89
2026-10-01,ZUARIIND,Strong Accumulation,70,281.85,271.9,244.71,297.0,322.1,347.2
2026-10-01,ZYDUSLIFE,Accumulation,54,1145.7,1159.05,1053.42,1232.1,1305.15,1378.2
2026-10-01,ZYDUSWELL,Neutral,37,493.25,535.5,481.95,581.0,626.5,672.0
2026-10-01,KNACK,Neutral,35,180.67,191.02,171.92,210.94,230.86,250.78
2026-10-01,GYFTR,Distribution,25,156.79,156.79,148.81,193.9,214.85,235.8
2026-10-01,AURUS,Neutral,44,4.4,4.62,4.15,5.02,5.42,5.83
2026-10-01,KUSUMGAR,Accumulation,66,592.55,592.5,533.25,652.0,711.5,771.0
2026-10-01,LASERPOWER,Distribution,25,262.75,262.75,246.53,343.5,386.68,429.85
2026-10-01,RIR,Neutral,47,176.97,176.97,159.27,213.94,243.91,273.88
2026-10-01,AEROPLANE,Strong Accumulation,70,208.14,191.06,171.95,212.07,233.08,254.09
2026-10-01,ALPINETEX,Neutral,35,46.63,46.63,44.13,64.9,73.74,82.58
2026-10-01,SBIFUNDS,Distribution,0,500.35,500.35,482.09,579.0,610.25,641.5
2026-10-01,MOMMIDCAP,Distribution,20,12.33,12.15,10.94,13.5,14.85,16.2
2026-10-01,PVTBANK,Accumulation,50,26.82,27.82,25.22,29.65,31.47,33.3
2026-10-01,CPL,Neutral,34,62.46,64.98,59.46,68.66,72.34,76.02
2026-10-01,CMLL,Accumulation,66,523.05,507.45,456.7,554.9,602.35,649.8
2026-10-01,ASHIKAG,Low volume (ignore),0,392.05,392.05,369.57,451.0,478.95,506.9
2026-10-01,CEMNTGROWW,Distribution,10,13.6,13.6,12.97,15.2,15.96,16.73
2026-10-01,EMETAL,Low volume (ignore),27,12.78,13.29,12.22,13.99,14.69,15.38
2026-10-01,INDOMIM,Accumulation,51,1271.8,1100.67,990.61,1349.0,1603.97,1858.95
2026-10-01,LCL,Neutral,49,553.6,556.9,501.21,609.4,661.9,714.4
2026-10-01,XTRANET,Accumulation,57,272.4,272.4,245.16,358.5,460.62,562.74
2026-10-01,HDFCNIMEG,Distribution,0,124.33,124.33,119.28,143.4,152.24,161.07
2026-10-01,DSKULKARNI,Low volume (ignore),10,26.07,21.77,19.59,25.06,31.55,38.05
2026-10-01,EBANK10,Low volume (ignore),20,16.19,16.77,15.16,17.9,19.03,20.17
2026-10-01,ELMDIV,Neutral,49,34.72,36.04,33.51,37.53,39.02,40.51
2026-10-01,MANIPALHOS,Neutral,36,696.0,752.7,677.43,815.0,877.3,939.6
2026-10-01,JNPR,Accumulation,53,268.25,264.1,238.81,282.0,299.9,317.8
2026-10-01,MOMETAL,Accumulation,50,12.59,13.54,12.19,14.55,15.56,16.56
2026-10-01,MOOILGAS,Neutral,44,10.93,11.34,10.2,12.15,12.96,13.78
2026-10-01,MVELECTRO,Neutral,41,836.95,825.62,743.06,948.0,1163.72,1379.45
2026-10-01,MIDBANKADD,Accumulation,50,16.39,17.24,15.77,18.22,19.2,20.18
2026-10-01,BURNPUR,Low volume (ignore),17,12.56,12.56,12.13,22.63,28.38,34.13
2026-10-01,ANNAPURNA,Neutral,31,128.6,128.6,121.25,162.4,180.55,198.7
2026-10-01,ARDEE,Distribution,20,48.81,48.81,45.1,63.93,72.64,81.36
2026-10-01,SWARAJ,Low volume (ignore),10,377.55,334.33,300.9,384.4,446.55,508.7
2026-10-01,LEAPIND,Low volume (ignore),25,137.03,137.03,124.69,172.29,194.16,216.03
2026-10-01,SHUKRAPHAR,Strong Accumulation,75,61.8,56.06,50.45,62.49,72.44,82.38
2026-10-01,TECHNOCRAF,Neutral,45,478.1,440.79,396.71,496.5,587.75,679.0
2026-10-01,ACGL,Distribution,27,1622.7,1790.9,1611.81,1961.9,2132.9,2303.9
2026-10-01,ADVIKCA,Distribution,24,1.0,1.0,0.9,1.26,1.44,1.61
2026-10-01,ALFREDHE,Low volume (ignore),20,2823.0,2823.0,2627.92,3599.0,4043.9,4488.8
2026-10-01,ALUFLUOR,Strong Accumulation,71,633.8,540.23,486.2,649.0,758.5,868.0
2026-10-01,AMAL,Neutral,40,702.4,702.4,632.16,822.0,914.98,1007.95
2026-10-01,AMARJOTHI,Neutral,30,150.0,153.82,138.44,166.0,178.18,190.35
2026-10-01,ANDREWYU,Neutral,33,24.98,27.5,24.75,30.49,33.48,36.47
2026-10-01,ANSALBU,Accumulation,61,85.13,84.45,76.01,107.5,125.93,144.36
2026-10-01,ARCL,Strong Accumulation,71,229.81,229.81,210.38,280.7,312.61,344.51
2026-10-01,ARYAMAN,Strong Accumulation,70,624.0,622.48,560.23,674.95,727.43,779.9
2026-10-01,ASIANTNE,Distribution,14,8.95,8.95,8.06,10.99,12.38,13.76
2026-10-01,ASSAMENT,Neutral,48,799.0,781.38,703.24,857.75,934.12,1010.5
2026-10-01,AUSTENG,Accumulation,66,167.72,142.23,128.0,178.0,208.0,238.0
2026-10-01,AVANCE,Accumulation,60,0.8,0.84,0.76,0.92,1.0,1.07
2026-10-01,AXTEL,Accumulation,60,435.45,422.45,380.2,459.9,497.35,534.8
2026-10-01,AZADIND,Neutral,47,85.95,84.88,76.39,98.99,113.28,127.57
2026-10-01,BENARAS,Strong Accumulation,70,10249.0,10732.0,9666.05,11499.0,12266.0,13033.0
2026-10-01,BLUECLOUDS,Low volume (ignore),23,19.88,19.86,18.28,23.99,26.56,29.13
2026-10-01,BPLPHARMA,Accumulation,69,1720.4,1626.92,1464.23,2277.6,2771.4,3265.2
2026-10-01,BRAHMINFRA,Accumulation,58,148.85,158.45,142.61,174.9,191.35,207.79
2026-10-01,BRIGHTBR,Strong Accumulation,70,241.85,251.12,226.01,270.0,288.88,307.75
2026-10-01,CFEL,Accumulation,50,45.27,43.44,39.1,52.8,65.12,77.44
2026-10-01,CGVAK,Distribution,20,147.24,151.95,136.75,163.7,175.45,187.2
2026-10-01,CHEMCRUX,Accumulation,50,78.23,82.2,74.01,88.1,94.0,99.9
2026-10-01,COMPEAU,Neutral,45,362.45,362.45,326.2,420.0,471.0,522.0
2026-10-01,CRAVATEX,Accumulation,50,349.0,335.86,302.64,410.0,465.0,520.0
2026-10-01,CRSL,Low volume (ignore),0,2.14,2.14,2.05,3.56,4.22,4.88
2026-10-01,DEEP,Accumulation,50,42.69,42.67,38.4,49.17,56.66,64.14
2026-10-01,DHABRIYA,Low volume (ignore),10,463.8,463.8,435.72,603.0,674.5,746.0
2026-10-01,DHATRE,Low volume (ignore),28,4.02,4.02,3.69,5.17,5.86,6.54
2026-10-01,DHOOTTRANS,Neutral,40,1443.4,1443.4,1358.39,1735.3,1925.45,2115.6
2026-10-01,EASTWEST,Neutral,37,2.29,2.29,2.06,2.68,3.0,3.31
2026-10-01,EBIX,Low volume (ignore),20,16.89,16.89,16.2,22.83,25.79,28.76
2026-10-01,ECORECO,Neutral,37,388.6,431.52,388.37,477.05,522.58,568.1
2026-10-01,EKI,Accumulation,61,97.95,78.98,71.08,108.94,129.91,150.88
2026-10-01,EMPIND,Neutral,34,1059.2,1125.05,1012.54,1248.0,1370.95,1493.9
2026-10-01,ENKEIWHEL,Neutral,38,392.6,398.5,360.84,425.0,451.5,478.0
2026-10-01,FREDUN,Accumulation,53,1355.2,1355.2,1219.68,1536.0,1706.4,1876.8
2026-10-01,GKB,Neutral,40,64.36,64.36,60.33,76.02,83.88,91.74
2026-10-01,HAMPTON,Neutral,45,8.09,8.09,7.28,9.65,10.96,12.28
2026-10-01,HAZOOR,Neutral,42,17.94,17.94,17.07,22.49,25.01,27.54
2026-10-01,HBPOR,Distribution,26,59.83,59.83,53.85,65.0,73.2,81.4
2026-10-01,HINDADH,Accumulation,66,384.0,368.48,331.74,394.95,421.42,447.9
2026-10-01,HINDALUMI,Distribution,20,90.76,94.65,85.19,103.0,111.35,119.7
2026-10-01,HRYNSHP,Distribution,20,97.98,97.5,88.27,104.0,110.5,117.0
2026-10-01,INDOKEM,Accumulation,56,603.7,611.5,550.35,668.0,724.5,781.0
2026-10-01,IPRINGLTD,Distribution,14,141.95,141.95,128.04,187.0,214.5,242.0
2026-10-01,ISTLTD,Accumulation,52,635.0,677.48,609.73,749.95,822.43,894.9
2026-10-01,ITL,Neutral,30,348.0,345.02,310.52,378.95,412.88,446.8
2026-10-01,JENBURPH,Accumulation,54,915.25,990.5,891.45,1069.9,1149.3,1228.7
2026-10-01,JYOTIRES,Distribution,26,840.65,866.1,796.56,911.0,955.9,1000.8
2026-10-01,KAMANWALA,Neutral,31,17.14,16.77,15.13,19.51,21.77,24.02
2026-10-01,KANCOTEA,Neutral,40,53.0,54.8,49.37,58.7,62.6,66.5
2026-10-01,KJMCFIN,Low volume (ignore),16,58.38,58.38,56.07,84.5,97.85,111.2
2026-10-01,KMCSHIL,Strong Accumulation,71,171.94,150.86,135.78,177.79,202.44,227.1
2026-10-01,KSE,Neutral,30,174.84,185.91,168.11,198.5,211.09,223.69
2026-10-01,LADDERUP,Neutral,37,50.27,50.27,45.24,80.98,100.12,119.26
2026-10-01,LANCER,Distribution,14,11.05,11.05,10.36,13.8,15.65,17.5
2026-10-01,LEENEE,Distribution,10,7.59,7.59,7.0,11.48,13.57,15.66
2026-10-01,LKPSEC,Distribution,20,14.56,14.56,13.21,18.2,20.49,22.78
2026-10-01,LOTUSCHO,Distribution,24,540.35,540.35,517.69,671.0,739.65,808.3
2026-10-01,MAKERSL,Low volume (ignore),10,183.5,183.5,166.22,236.0,269.64,303.28
2026-10-01,MANBRO,Neutral,45,51.06,51.06,47.29,61.49,66.23,70.98
2026-10-01,MEDICAPQ,Accumulation,50,26.05,26.05,23.44,36.8,43.32,49.85
2026-10-01,MIIL,Neutral,31,677.05,691.7,622.53,742.9,794.1,845.3
2026-10-01,MINALIND,Low volume (ignore),10,4.33,4.33,4.2,5.89,7.72,9.55
2026-10-01,MKEXIM,Neutral,45,66.51,65.88,59.29,72.0,80.24,88.48
2026-10-01,MLKFOOD,Neutral,35,84.13,82.37,74.13,93.0,103.99,114.98
2026-10-01,MOHITE,Distribution,10,2.49,2.49,2.24,3.3,3.82,4.35
2026-10-01,MOLBIO,Low volume (ignore),20,1513.1,1279.32,1151.39,1686.8,2020.17,2353.55
2026-10-01,MSL,Accumulation,64,144.99,139.8,125.82,160.0,180.0,200.0
2026-10-01,MUKESHB,Accumulation,56,128.8,136.07,122.47,147.15,158.23,169.3
2026-10-01,NTCIND,Neutral,46,129.51,136.65,122.99,147.0,157.35,167.7
2026-10-01,ODYCORP,Neutral,42,6.91,6.91,6.22,8.48,9.67,10.85
2026-10-01,ONEGLOBAL,Strong Accumulation,71,525.4,537.0,483.3,580.0,623.0,666.0
2026-10-01,ONIXSOLAR,Neutral,30,339.7,339.7,305.73,464.2,565.08,665.95
2026-10-01,OPTIFIN,Neutral,43,14.47,14.47,13.02,17.0,19.72,22.44
2026-10-01,ORIRAIL,Low volume (ignore),24,124.15,123.8,111.65,142.0,161.6,181.2
2026-10-01,PACIFICI,Strong Accumulation,70,135.99,145.0,130.5,160.0,175.0,190.01
2026-10-01,PANCHMAHQ,Neutral,30,287.5,287.5,258.75,339.0,381.52,424.05
2026-10-01,PANORAMA,Accumulation,66,60.91,53.78,48.4,64.8,77.2,89.6
2026-10-01,PARNAXLAB,Neutral,30,113.14,113.14,101.83,149.5,172.25,195.0
2026-10-01,PBMPOLY,Neutral,30,58.85,58.85,54.51,72.2,80.03,87.87
2026-10-01,PERMAGN,Neutral,41,861.3,873.5,793.51,928.95,984.4,1039.85
2026-10-01,PHOENXINTL,Low volume (ignore),20,28.15,28.15,26.68,35.64,39.71,43.78
2026-10-01,POEL,Distribution,26,136.45,152.44,137.2,168.97,185.5,202.03
2026-10-01,POLYSPIN,Distribution,10,29.5,29.5,26.7,36.49,40.97,45.45
2026-10-01,PRISMX,Distribution,10,0.52,0.52,0.49,0.63,0.71,0.79
2026-10-01,RRECL,Neutral,30,131.46,131.46,118.31,152.0,172.4,192.8
2026-10-01,RTSPOWR,Neutral,40,114.1,94.57,85.11,138.05,172.64,207.22
2026-10-01,SAB,Neutral,40,170.0,178.8,160.92,192.6,206.4,220.2
2026-10-01,SAICAPI,Accumulation,54,155.0,153.52,138.17,170.05,188.33,206.6
2026-10-01,SAYAJIIND,Neutral,40,119.5,116.22,104.6,125.95,135.68,145.4
2026-10-01,SEKURITIND,Accumulation,54,109.19,114.0,102.6,122.96,131.91,140.87
2026-10-01,SGLRES,Neutral,44,2.27,2.44,2.19,2.62,2.81,2.99
2026-10-01,SGRL,Low volume (ignore),10,694.25,684.05,615.64,749.85,879.78,1009.7
2026-10-01,SHERVANI,Accumulation,66,335.0,337.02,303.32,374.0,410.98,447.95
2026-10-01,SHILGRAVQ,Neutral,30,139.35,139.35,132.89,177.38,197.07,216.76
2026-10-01,SHIVAAGRO,Neutral,43,39.22,40.5,36.45,45.0,49.5,54.0
2026-10-01,SHIVACEM,Neutral,30,13.34,13.34,12.42,17.14,18.36,19.58
2026-10-01,SHRADDHA,Neutral,33,155.1,151.08,137.84,179.0,197.5,216.0
2026-10-01,SHRJAGP,Neutral,45,673.0,653.02,587.72,716.0,778.98,841.95
2026-10-01,SIEL,Neutral,31,30.46,30.46,27.41,44.54,52.76,60.98
2026-10-01,SIMPLXREA,Neutral,38,123.5,123.5,111.15,149.98,167.88,185.79
2026-10-01,SPELS,Distribution,15,124.89,124.89,121.14,157.0,166.31,175.63
2026-10-01,SUMEDHA,Accumulation,61,43.42,42.33,38.1,48.1,53.2,58.3
2026-10-01,SUNLOC,Neutral,30,70.1,74.75,67.28,82.0,89.25,96.5
2026-10-01,SUNRAKSHAK,Accumulation,51,358.9,366.05,339.6,382.0,397.95,413.9
2026-10-01,SUNSHIEL,Neutral,36,1059.0,1059.0,994.93,1284.8,1387.2,1489.6
2026-10-01,SUPTANERY,Low volume (ignore),10,8.06,8.06,7.82,16.21,20.73,25.25
2026-10-01,SVGLOBAL,Accumulation,56,132.93,132.93,120.53,177.5,209.1,240.7
2026-10-01,SWARNSAR,Accumulation,66,38.44,38.44,34.6,45.7,52.55,59.4
2026-10-01,SWISSMLTRY,Distribution,10,13.95,13.95,13.34,18.5,20.85,23.2
2026-10-01,TANAA,Accumulation,54,324.15,302.02,271.82,378.95,449.42,519.9
2026-10-01,TERAI,Neutral,36,116.75,116.75,105.08,140.0,158.5,177.0
2026-10-01,TGVSL,Accumulation,66,116.38,110.48,99.43,130.49,145.23,159.97
2026-10-01,TOYAMSL,Neutral,46,0.69,0.69,0.62,0.92,1.08,1.24
2026-10-01,TRANSCOR,Distribution,20,24.18,24.18,21.76,29.0,33.0,37.0
2026-10-01,TRITONV,Distribution,26,1078.0,1116.0,1004.4,1212.0,1308.0,1404.0
2026-10-01,TUTIALKA,Distribution,20,53.98,57.73,51.96,62.9,68.07,73.24
2026-10-01,UDAYJEW,Strong Accumulation,71,159.06,159.06,143.15,180.89,213.81,246.74
2026-10-01,VADILENT,Neutral,30,9910.0,9910.0,9312.0,12598.0,14196.5,15795.0
2026-10-01,VASUPRADA,Accumulation,56,95.52,102.24,92.02,111.38,120.52,129.66
2026-10-01,VEDAVAAG,Strong Accumulation,71,22.16,21.12,19.0,25.69,30.05,34.4
2026-10-01,VGCL,Low volume (ignore),20,47.89,47.89,43.65,62.95,71.93,80.9
2026-10-01,VIJSOLX,Accumulation,56,623.3,664.95,598.46,719.9,774.85,829.8
2026-10-01,VIRAT,Distribution,10,335.8,335.8,314.23,494.4,581.0,667.6
2026-10-01,VIRTUALG,Low volume (ignore),10,0.44,0.44,0.41,0.6,0.69,0.78
2026-10-01,VISHAL,Neutral,40,17.38,17.38,16.68,21.94,24.29,26.63
2026-10-01,VIVOBIOT,Low volume (ignore),23,17.13,17.13,15.42,20.44,22.91,25.37
2026-10-01,VOITHPAPR,Neutral,44,1407.3,1487.15,1358.29,1574.0,1660.85,1747.7
2026-10-01,VTMLTD,Neutral,34,38.15,38.15,35.47,61.9,74.12,86.35
2026-10-01,WARDINMOBI,Distribution,10,5.31,5.31,4.78,6.99,8.14,9.29
2026-10-01,WATERBASE,Distribution,20,45.4,48.81,43.93,54.0,59.19,64.38
2026-10-01,ADDIND,Low volume (ignore),17,76.4,76.4,69.84,94.6,106.38,118.15
2026-10-01,LAKSHMIMIL,Neutral,38,7819.5,8000.25,7275.48,8500.0,8999.75,9499.5
2026-10-01,MILKYMIST,Neutral,30,308.45,289.57,260.61,333.11,408.92,484.72
2026-10-01,MPDL,Low volume (ignore),10,27.89,27.89,25.1,45.29,56.3,67.32
2026-10-01,MYSORPETRO,Low volume (ignore),10,119.4,119.4,113.98,182.03,216.61,251.18
2026-10-01,NICCOPAR,Neutral,40,79.5,79.5,74.17,98.99,112.44,125.9
2026-10-01,SRIKPRIND,Neutral,37,27.49,27.49,24.74,36.8,45.5,54.2
2026-10-01,STLSTRINF,Strong Accumulation,71,21.52,21.52,19.37,27.9,34.55,41.21
2026-10-01,UPHOT,Accumulation,72,1530.0,1435.0,1291.5,1550.0,1665.0,1780.0
2026-10-01,WHBRADY,Neutral,35,465.05,465.05,418.54,589.9,677.35,764.8
2026-10-01,YOGI,Neutral,31,159.35,159.35,147.44,180.0,205.0,229.99
2026-10-01,BLEL,Accumulation,50,467.95,452.49,407.24,548.0,614.5,681.0
2026-10-01,SAMBANDAM,Neutral,31,107.1,107.1,97.0,161.9,194.0,226.1
2026-10-01,SHIPROCKET,Distribution,20,119.98,119.98,113.14,156.9,177.03,197.16
2026-10-01,APOORVA,Accumulation,59,33.0,29.91,26.92,35.58,41.35,47.12
2026-10-01,LARGEMID50,Distribution,25,34.05,34.05,32.73,38.0,39.83,41.65
2026-10-01,IVZBANKNF,Neutral,40,54.5,55.98,51.89,58.45,60.93,63.4
2026-10-01,IVZSENSEX,Distribution,10,71.97,71.97,69.54,79.2,82.72,86.25
2026-10-01,HORIZONIND,Distribution,10,48.65,48.65,46.67,60.25,65.38,70.5
2026-10-01,LALITHAA,Accumulation,56,387.85,335.23,301.71,389.0,463.32,537.65
2026-10-01,SHANKESH,Low volume (ignore),27,87.93,87.93,83.98,115.9,130.23,144.55
2026-10-01,SUNSHINE,Neutral,32,453.0,436.56,392.9,524.95,624.3,723.65
2026-10-01,GAJA,Distribution,10,135.27,135.27,129.01,191.65,218.73,245.8
2026-10-01,KSHITIJ-RE,Low volume (ignore),10,0.08,0.05,0.05,0.06,0.08,0.1
2026-10-01,NIF500BETA,Distribution,24,34.65,34.65,33.49,38.3,39.55,40.8
2026-10-01,TEMPSENS,Low volume (ignore),27,505.25,505.25,485.0,634.85,699.75,764.65
2026-10-01,AUGMONT,Neutral,49,1195.2,916.87,825.18,1062.2,1190.28,1318.35
2026-10-01,HTEL,Neutral,35,72.92,72.92,65.63,86.45,98.22,109.99
2026-10-01,MBECL,Low volume (ignore),10,494.0,380.78,342.71,474.83,605.75,736.66
2026-10-01,SKYWAYS,Neutral,34,110.29,110.29,103.62,137.38,152.66,167.94
2026-10-01,SYMBIOTEC,Neutral,30,1198.0,1097.93,988.14,1193.7,1323.45,1453.2
2026-10-01,ANNU,Distribution,25,47.09,47.09,45.15,75.6,90.12,104.65
2026-10-01,ENERGYAXIS,Neutral,35,18.27,19.02,17.5,19.99,20.96,21.94
2026-10-01,KDGREEN,Neutral,45,46.76,50.55,45.49,55.29,60.03,64.77
2026-10-01,LUMINO,Neutral,41,96.48,96.48,91.66,122.0,133.97,145.95
2026-10-01,ESDS,Accumulation,56,1434.1,1434.1,1290.69,1859.2,2410.8,2962.4
2026-10-01,PRIORITY,Accumulation,55,290.45,252.19,226.97,329.55,389.52,449.49
2026-10-01,JAYKAY-RE1,Low volume (ignore),10,83.54,83.54,75.19,96.95,110.43,123.9
2026-10-01,PERNIASPOP,Neutral,41,544.7,544.98,490.48,588.9,632.82,676.75
2026-10-01,DEEPA,Accumulation,56,192.17,190.26,171.23,222.0,250.61,279.21
2026-10-01,MOMSBELIEF,Accumulation,55,226.92,226.92,204.23,267.61,297.4,327.19
2026-10-01,CRESTO,Accumulation,56,22.05,19.45,17.51,24.42,29.46,34.49
2026-10-01,DOLLEX,Neutral,41,38.24,36.83,33.14,39.55,42.27,45.0
2026-10-01,PRANAV,Neutral,45,97.21,97.21,93.32,165.1,199.41,233.71
2026-10-01,GLASSWALL,Accumulation,51,270.4,270.4,243.36,317.9,384.25,450.6
2026-10-01,KANOHAR,Accumulation,56,906.35,846.88,762.2,937.7,1064.0,1190.3
2026-10-01,PRASOLCHEM,Accumulation,50,814.05,742.84,668.55,840.15,959.72,1079.3
2026-10-01,ARCIL,Distribution,25,139.92,139.92,125.93,157.0,173.25,189.5
2026-10-01,KARAMTARA,Accumulation,66,410.95,384.86,354.08,404.11,435.58,467.06
2026-10-01,LCCPROJECT,Accumulation,51,151.47,150.97,136.35,189.0,213.22,237.43
2026-10-01,MPIMANIPAL,Accumulation,56,401.4,369.97,332.98,458.0,529.17,600.35
2026-10-01,RENTOMOJO,Accumulation,61,524.6,532.2,478.98,581.95,631.7,681.45
2026-10-01,STEAMHOUSE,Accumulation,51,106.51,106.51,95.86,117.6,130.6,143.6
2026-10-01,SECLEDBETA,Distribution,15,13.66,13.66,13.2,15.5,16.32,17.15
2026-10-01,VEEGALAND,Low volume (ignore),20,141.79,144.6,131.14,154.0,163.4,172.8
2026-10-01,MANIKA,Low volume (ignore),20,41.98,41.61,38.52,43.5,45.39,47.29
2026-10-01,HEGAM,Neutral,35,239.28,240.72,222.61,251.95,263.17,274.4
2026-10-01,CENTEXT-RE,Low volume (ignore),10,3.16,2.54,2.28,3.06,3.92,4.77
2026-10-01,HEROMOTORS,Accumulation,51,167.8,136.04,122.44,155.85,193.52,231.2
2026-10-01,JSIPL,Low volume (ignore),10,168.82,146.54,131.89,153.14,169.71,186.28
2026-10-01,SSRETAIL,Neutral,45,714.35,714.35,642.92,888.0,1030.47,1172.95
2026-10-01,SONA,Low volume (ignore),20,92.47,99.46,89.51,107.42,115.38,123.34
2026-10-01,AGASTYAEN,Low volume (ignore),20,69.55,70.98,67.46,72.42,73.86,75.29
2026-10-01,PARIN,Neutral,35,703.85,736.27,663.04,789.0,841.73,894.45
